#VRML V2.0 utf8
# 3D model generated by easyeda2kicad.py (https://github.com/uPesy/easyeda2kicad.py)

Shape{
    appearance Appearance {
        material  Material 	{
            diffuseColor 0.6470588235294118 0.5176470588235295 0.0
            specularColor 0.45098039215686275 0.3607843137254902 0.0
            ambientIntensity 0.4973
            transparency 0.0
            shininess 0.5
        }
    }
    geometry IndexedFaceSet {
        ccw TRUE
        solid FALSE
        coord DEF co Coordinate {
            point [
                -0.5216 1.2599 0.1575, -0.5216 1.1615 0.3345, -0.4625 1.2599 0.1575, -0.4625 1.1615 0.3345, -0.5216 -0.3936 0.1575, -0.4625 -0.3936 0.1575, -0.5216 -0.3936 0.0394, -0.4625 -0.3936 0.0394, -0.5216 -0.4921 0.0394, -0.4625 -0.4921 0.0394, -0.5216 -0.5257 0.0058, -0.4625 -0.5257 0.0058, -0.4625 -0.5287 0.0033, -0.5216 -0.5287 0.0033, -0.4625 -0.5321 0.0015, -0.5216 -0.5321 0.0015, -0.4625 -0.5358 0.0004, -0.5216 -0.5358 0.0004, -0.4625 -0.5396 0.0, -0.5216 -0.5396 0.0, -0.5216 -0.7086 0.0, -0.4625 -0.7086 0.0, -0.4625 -0.713 0.0005, -0.5216 -0.713 0.0005, -0.4625 -0.7171 0.0019, -0.5216 -0.7171 0.0019, -0.4625 -0.7209 0.0043, -0.5216 -0.7209 0.0043, -0.4625 -0.724 0.0074, -0.5216 -0.724 0.0074, -0.4625 -0.7263 0.0111, -0.5216 -0.7263 0.0111, -0.4625 -0.7278 0.0153, -0.5216 -0.7278 0.0153, -0.4625 -0.7283 0.0197, -0.5216 -0.7283 0.0197, -0.5216 -0.7283 0.0591, -0.4625 -0.7283 0.0591, -0.4625 -0.7278 0.0634, -0.5216 -0.7278 0.0634, -0.4625 -0.7263 0.0676, -0.5216 -0.7263 0.0676, -0.4625 -0.724 0.0713, -0.5216 -0.724 0.0713, -0.4625 -0.7209 0.0744, -0.5216 -0.7209 0.0744, -0.4625 -0.7171 0.0768, -0.5216 -0.7171 0.0768, -0.4625 -0.713 0.0782, -0.5216 -0.713 0.0782, -0.4625 -0.7086 0.0787, -0.5216 -0.7086 0.0787, -0.5216 -0.5987 0.0787, -0.4625 -0.5987 0.0787, -0.5216 -0.5948 0.0791, -0.4625 -0.5948 0.0791, -0.5216 -0.5911 0.0802, -0.4625 -0.5911 0.0802, -0.5216 -0.5877 0.0821, -0.4625 -0.5877 0.0821, -0.5216 -0.5847 0.0845, -0.4625 -0.5847 0.0845, -0.5216 -0.4585 0.2108, -0.4625 -0.4585 0.2108, -0.4625 -0.4555 0.2132, -0.5216 -0.4555 0.2132, -0.4625 -0.4521 0.215, -0.5216 -0.4521 0.215, -0.4625 -0.4484 0.2162, -0.5216 -0.4484 0.2162, -0.4625 -0.4445 0.2165, -0.5216 -0.4445 0.2165, -0.5216 0.0003 0.2165, -0.4625 0.0003 0.2165, -0.5216 0.0003 0.6764, -0.4625 0.0003 0.6764, -0.5216 1.2599 0.6764, -0.4625 1.2599 0.6764, -0.5216 1.1615 0.4994, -0.4625 1.1615 0.4994, -0.5216 0.9848 0.5977, -0.4625 0.9848 0.5977, -0.5216 0.0816 0.5118, -0.4625 0.0816 0.5118, -0.5216 0.0816 0.2362, -0.4625 0.0816 0.2362, -0.5216 0.9848 0.2362, -0.4625 0.9848 0.2362, -0.3248 1.2599 0.1575, -0.3248 1.1615 0.3345, -0.2657 1.2599 0.1575, -0.2657 1.1615 0.3345, -0.3248 -0.3936 0.1575, -0.2657 -0.3936 0.1575, -0.3248 -0.3936 0.0394, -0.2657 -0.3936 0.0394, -0.3248 -0.4921 0.0394, -0.2657 -0.4921 0.0394, -0.3248 -0.5257 0.0058, -0.2657 -0.5257 0.0058, -0.2657 -0.5287 0.0033, -0.3248 -0.5287 0.0033, -0.2657 -0.5321 0.0015, -0.3248 -0.5321 0.0015, -0.2657 -0.5358 0.0004, -0.3248 -0.5358 0.0004, -0.2657 -0.5396 0.0, -0.3248 -0.5396 0.0, -0.3248 -0.7086 0.0, -0.2657 -0.7086 0.0, -0.2657 -0.713 0.0005, -0.3248 -0.713 0.0005, -0.2657 -0.7171 0.0019, -0.3248 -0.7171 0.0019, -0.2657 -0.7209 0.0043, -0.3248 -0.7209 0.0043, -0.2657 -0.724 0.0074, -0.3248 -0.724 0.0074, -0.2657 -0.7263 0.0111, -0.3248 -0.7263 0.0111, -0.2657 -0.7278 0.0153, -0.3248 -0.7278 0.0153, -0.2657 -0.7283 0.0197, -0.3248 -0.7283 0.0197, -0.3248 -0.7283 0.0591, -0.2657 -0.7283 0.0591, -0.2657 -0.7278 0.0634, -0.3248 -0.7278 0.0634, -0.2657 -0.7263 0.0676, -0.3248 -0.7263 0.0676, -0.2657 -0.724 0.0713, -0.3248 -0.724 0.0713, -0.2657 -0.7209 0.0744, -0.3248 -0.7209 0.0744, -0.2657 -0.7171 0.0768, -0.3248 -0.7171 0.0768, -0.2657 -0.713 0.0782, -0.3248 -0.713 0.0782, -0.2657 -0.7086 0.0787, -0.3248 -0.7086 0.0787, -0.3248 -0.5987 0.0787, -0.2657 -0.5987 0.0787, -0.3248 -0.5948 0.0791, -0.2657 -0.5948 0.0791, -0.3248 -0.5911 0.0802, -0.2657 -0.5911 0.0802, -0.3248 -0.5877 0.0821, -0.2657 -0.5877 0.0821, -0.3248 -0.5847 0.0845, -0.2657 -0.5847 0.0845, -0.3248 -0.4585 0.2108, -0.2657 -0.4585 0.2108, -0.2657 -0.4555 0.2132, -0.3248 -0.4555 0.2132, -0.2657 -0.4521 0.215, -0.3248 -0.4521 0.215, -0.2657 -0.4484 0.2162, -0.3248 -0.4484 0.2162, -0.2657 -0.4445 0.2165, -0.3248 -0.4445 0.2165, -0.3248 0.0003 0.2165, -0.2657 0.0003 0.2165, -0.3248 0.0003 0.6764, -0.2657 0.0003 0.6764, -0.3248 1.2599 0.6764, -0.2657 1.2599 0.6764, -0.3248 1.1615 0.4994, -0.2657 1.1615 0.4994, -0.3248 0.9848 0.5977, -0.2657 0.9848 0.5977, -0.3248 0.0816 0.5118, -0.2657 0.0816 0.5118, -0.3248 0.0816 0.2362, -0.2657 0.0816 0.2362, -0.3248 0.9848 0.2362, -0.2657 0.9848 0.2362, -0.1279 1.2599 0.1575, -0.1279 1.1615 0.3345, -0.0688 1.2599 0.1575, -0.0688 1.1615 0.3345, -0.1279 -0.3936 0.1575, -0.0688 -0.3936 0.1575, -0.1279 -0.3936 0.0394, -0.0688 -0.3936 0.0394, -0.1279 -0.4921 0.0394, -0.0688 -0.4921 0.0394, -0.1279 -0.5257 0.0058, -0.0688 -0.5257 0.0058, -0.0688 -0.5287 0.0033, -0.1279 -0.5287 0.0033, -0.0688 -0.5321 0.0015, -0.1279 -0.5321 0.0015, -0.0688 -0.5358 0.0004, -0.1279 -0.5358 0.0004, -0.0688 -0.5396 0.0, -0.1279 -0.5396 0.0, -0.1279 -0.7086 0.0, -0.0688 -0.7086 0.0, -0.0688 -0.713 0.0005, -0.1279 -0.713 0.0005, -0.0688 -0.7171 0.0019, -0.1279 -0.7171 0.0019, -0.0688 -0.7209 0.0043, -0.1279 -0.7209 0.0043, -0.0688 -0.724 0.0074, -0.1279 -0.724 0.0074, -0.0688 -0.7263 0.0111, -0.1279 -0.7263 0.0111, -0.0688 -0.7278 0.0153, -0.1279 -0.7278 0.0153, -0.0688 -0.7283 0.0197, -0.1279 -0.7283 0.0197, -0.1279 -0.7283 0.0591, -0.0688 -0.7283 0.0591, -0.0688 -0.7278 0.0634, -0.1279 -0.7278 0.0634, -0.0688 -0.7263 0.0676, -0.1279 -0.7263 0.0676, -0.0688 -0.724 0.0713, -0.1279 -0.724 0.0713, -0.0688 -0.7209 0.0744, -0.1279 -0.7209 0.0744, -0.0688 -0.7171 0.0768, -0.1279 -0.7171 0.0768, -0.0688 -0.713 0.0782, -0.1279 -0.713 0.0782, -0.0688 -0.7086 0.0787, -0.1279 -0.7086 0.0787, -0.1279 -0.5987 0.0787, -0.0688 -0.5987 0.0787, -0.1279 -0.5948 0.0791, -0.0688 -0.5948 0.0791, -0.1279 -0.5911 0.0802, -0.0688 -0.5911 0.0802, -0.1279 -0.5877 0.0821, -0.0688 -0.5877 0.0821, -0.1279 -0.5847 0.0845, -0.0688 -0.5847 0.0845, -0.1279 -0.4585 0.2108, -0.0688 -0.4585 0.2108, -0.0688 -0.4555 0.2132, -0.1279 -0.4555 0.2132, -0.0688 -0.4521 0.215, -0.1279 -0.4521 0.215, -0.0688 -0.4484 0.2162, -0.1279 -0.4484 0.2162, -0.0688 -0.4445 0.2165, -0.1279 -0.4445 0.2165, -0.1279 0.0003 0.2165, -0.0688 0.0003 0.2165, -0.1279 0.0003 0.6764, -0.0688 0.0003 0.6764, -0.1279 1.2599 0.6764, -0.0688 1.2599 0.6764, -0.1279 1.1615 0.4994, -0.0688 1.1615 0.4994, -0.1279 0.9848 0.5977, -0.0688 0.9848 0.5977, -0.1279 0.0816 0.5118, -0.0688 0.0816 0.5118, -0.1279 0.0816 0.2362, -0.0688 0.0816 0.2362, -0.1279 0.9848 0.2362, -0.0688 0.9848 0.2362, 0.0689 1.2599 0.1575, 0.0689 1.1615 0.3345, 0.128 1.2599 0.1575, 0.128 1.1615 0.3345, 0.0689 -0.3936 0.1575, 0.128 -0.3936 0.1575, 0.0689 -0.3936 0.0394, 0.128 -0.3936 0.0394, 0.0689 -0.4921 0.0394, 0.128 -0.4921 0.0394, 0.0689 -0.5257 0.0058, 0.128 -0.5257 0.0058, 0.128 -0.5287 0.0033, 0.0689 -0.5287 0.0033, 0.128 -0.5321 0.0015, 0.0689 -0.5321 0.0015, 0.128 -0.5358 0.0004, 0.0689 -0.5358 0.0004, 0.128 -0.5396 0.0, 0.0689 -0.5396 0.0, 0.0689 -0.7086 0.0, 0.128 -0.7086 0.0, 0.128 -0.713 0.0005, 0.0689 -0.713 0.0005, 0.128 -0.7171 0.0019, 0.0689 -0.7171 0.0019, 0.128 -0.7209 0.0043, 0.0689 -0.7209 0.0043, 0.128 -0.724 0.0074, 0.0689 -0.724 0.0074, 0.128 -0.7263 0.0111, 0.0689 -0.7263 0.0111, 0.128 -0.7278 0.0153, 0.0689 -0.7278 0.0153, 0.128 -0.7283 0.0197, 0.0689 -0.7283 0.0197, 0.0689 -0.7283 0.0591, 0.128 -0.7283 0.0591, 0.128 -0.7278 0.0634, 0.0689 -0.7278 0.0634, 0.128 -0.7263 0.0676, 0.0689 -0.7263 0.0676, 0.128 -0.724 0.0713, 0.0689 -0.724 0.0713, 0.128 -0.7209 0.0744, 0.0689 -0.7209 0.0744, 0.128 -0.7171 0.0768, 0.0689 -0.7171 0.0768, 0.128 -0.713 0.0782, 0.0689 -0.713 0.0782, 0.128 -0.7086 0.0787, 0.0689 -0.7086 0.0787, 0.0689 -0.5987 0.0787, 0.128 -0.5987 0.0787, 0.0689 -0.5948 0.0791, 0.128 -0.5948 0.0791, 0.0689 -0.5911 0.0802, 0.128 -0.5911 0.0802, 0.0689 -0.5877 0.0821, 0.128 -0.5877 0.0821, 0.0689 -0.5847 0.0845, 0.128 -0.5847 0.0845, 0.0689 -0.4585 0.2108, 0.128 -0.4585 0.2108, 0.128 -0.4555 0.2132, 0.0689 -0.4555 0.2132, 0.128 -0.4521 0.215, 0.0689 -0.4521 0.215, 0.128 -0.4484 0.2162, 0.0689 -0.4484 0.2162, 0.128 -0.4445 0.2165, 0.0689 -0.4445 0.2165, 0.0689 0.0003 0.2165, 0.128 0.0003 0.2165, 0.0689 0.0003 0.6764, 0.128 0.0003 0.6764, 0.0689 1.2599 0.6764, 0.128 1.2599 0.6764, 0.0689 1.1615 0.4994, 0.128 1.1615 0.4994, 0.0689 0.9848 0.5977, 0.128 0.9848 0.5977, 0.0689 0.0816 0.5118, 0.128 0.0816 0.5118, 0.0689 0.0816 0.2362, 0.128 0.0816 0.2362, 0.0689 0.9848 0.2362, 0.128 0.9848 0.2362, 0.2658 1.2599 0.1575, 0.2658 1.1615 0.3345, 0.3249 1.2599 0.1575, 0.3249 1.1615 0.3345, 0.2658 -0.3936 0.1575, 0.3249 -0.3936 0.1575, 0.2658 -0.3936 0.0394, 0.3249 -0.3936 0.0394, 0.2658 -0.4921 0.0394, 0.3249 -0.4921 0.0394, 0.2658 -0.5257 0.0058, 0.3249 -0.5257 0.0058, 0.3249 -0.5287 0.0033, 0.2658 -0.5287 0.0033, 0.3249 -0.5321 0.0015, 0.2658 -0.5321 0.0015, 0.3249 -0.5358 0.0004, 0.2658 -0.5358 0.0004, 0.3249 -0.5396 0.0, 0.2658 -0.5396 0.0, 0.2658 -0.7086 0.0, 0.3249 -0.7086 0.0, 0.3249 -0.713 0.0005, 0.2658 -0.713 0.0005, 0.3249 -0.7171 0.0019, 0.2658 -0.7171 0.0019, 0.3249 -0.7209 0.0043, 0.2658 -0.7209 0.0043, 0.3249 -0.724 0.0074, 0.2658 -0.724 0.0074, 0.3249 -0.7263 0.0111, 0.2658 -0.7263 0.0111, 0.3249 -0.7278 0.0153, 0.2658 -0.7278 0.0153, 0.3249 -0.7283 0.0197, 0.2658 -0.7283 0.0197, 0.2658 -0.7283 0.0591, 0.3249 -0.7283 0.0591, 0.3249 -0.7278 0.0634, 0.2658 -0.7278 0.0634, 0.3249 -0.7263 0.0676, 0.2658 -0.7263 0.0676, 0.3249 -0.724 0.0713, 0.2658 -0.724 0.0713, 0.3249 -0.7209 0.0744, 0.2658 -0.7209 0.0744, 0.3249 -0.7171 0.0768, 0.2658 -0.7171 0.0768, 0.3249 -0.713 0.0782, 0.2658 -0.713 0.0782, 0.3249 -0.7086 0.0787, 0.2658 -0.7086 0.0787, 0.2658 -0.5987 0.0787, 0.3249 -0.5987 0.0787, 0.2658 -0.5948 0.0791, 0.3249 -0.5948 0.0791, 0.2658 -0.5911 0.0802, 0.3249 -0.5911 0.0802, 0.2658 -0.5877 0.0821, 0.3249 -0.5877 0.0821, 0.2658 -0.5847 0.0845, 0.3249 -0.5847 0.0845, 0.2658 -0.4585 0.2108, 0.3249 -0.4585 0.2108, 0.3249 -0.4555 0.2132, 0.2658 -0.4555 0.2132, 0.3249 -0.4521 0.215, 0.2658 -0.4521 0.215, 0.3249 -0.4484 0.2162, 0.2658 -0.4484 0.2162, 0.3249 -0.4445 0.2165, 0.2658 -0.4445 0.2165, 0.2658 0.0003 0.2165, 0.3249 0.0003 0.2165, 0.2658 0.0003 0.6764, 0.3249 0.0003 0.6764, 0.2658 1.2599 0.6764, 0.3249 1.2599 0.6764, 0.2658 1.1615 0.4994, 0.3249 1.1615 0.4994, 0.2658 0.9848 0.5977, 0.3249 0.9848 0.5977, 0.2658 0.0816 0.5118, 0.3249 0.0816 0.5118, 0.2658 0.0816 0.2362, 0.3249 0.0816 0.2362, 0.2658 0.9848 0.2362, 0.3249 0.9848 0.2362, 0.4626 1.2599 0.1575, 0.4626 1.1615 0.3345, 0.5217 1.2599 0.1575, 0.5217 1.1615 0.3345, 0.4626 -0.3936 0.1575, 0.5217 -0.3936 0.1575, 0.4626 -0.3936 0.0394, 0.5217 -0.3936 0.0394, 0.4626 -0.4921 0.0394, 0.5217 -0.4921 0.0394, 0.4626 -0.5257 0.0058, 0.5217 -0.5257 0.0058, 0.5217 -0.5287 0.0033, 0.4626 -0.5287 0.0033, 0.5217 -0.5321 0.0015, 0.4626 -0.5321 0.0015, 0.5217 -0.5358 0.0004, 0.4626 -0.5358 0.0004, 0.5217 -0.5396 0.0, 0.4626 -0.5396 0.0, 0.4626 -0.7086 0.0, 0.5217 -0.7086 0.0, 0.5217 -0.713 0.0005, 0.4626 -0.713 0.0005, 0.5217 -0.7171 0.0019, 0.4626 -0.7171 0.0019, 0.5217 -0.7209 0.0043, 0.4626 -0.7209 0.0043, 0.5217 -0.724 0.0074, 0.4626 -0.724 0.0074, 0.5217 -0.7263 0.0111, 0.4626 -0.7263 0.0111, 0.5217 -0.7278 0.0153, 0.4626 -0.7278 0.0153, 0.5217 -0.7283 0.0197, 0.4626 -0.7283 0.0197, 0.4626 -0.7283 0.0591, 0.5217 -0.7283 0.0591, 0.5217 -0.7278 0.0634, 0.4626 -0.7278 0.0634, 0.5217 -0.7263 0.0676, 0.4626 -0.7263 0.0676, 0.5217 -0.724 0.0713, 0.4626 -0.724 0.0713, 0.5217 -0.7209 0.0744, 0.4626 -0.7209 0.0744, 0.5217 -0.7171 0.0768, 0.4626 -0.7171 0.0768, 0.5217 -0.713 0.0782, 0.4626 -0.713 0.0782, 0.5217 -0.7086 0.0787, 0.4626 -0.7086 0.0787, 0.4626 -0.5987 0.0787, 0.5217 -0.5987 0.0787, 0.4626 -0.5948 0.0791, 0.5217 -0.5948 0.0791, 0.4626 -0.5911 0.0802, 0.5217 -0.5911 0.0802, 0.4626 -0.5877 0.0821, 0.5217 -0.5877 0.0821, 0.4626 -0.5847 0.0845, 0.5217 -0.5847 0.0845, 0.4626 -0.4585 0.2108, 0.5217 -0.4585 0.2108, 0.5217 -0.4555 0.2132, 0.4626 -0.4555 0.2132, 0.5217 -0.4521 0.215, 0.4626 -0.4521 0.215, 0.5217 -0.4484 0.2162, 0.4626 -0.4484 0.2162, 0.5217 -0.4445 0.2165, 0.4626 -0.4445 0.2165, 0.4626 0.0003 0.2165, 0.5217 0.0003 0.2165, 0.4626 0.0003 0.6764, 0.5217 0.0003 0.6764, 0.4626 1.2599 0.6764, 0.5217 1.2599 0.6764, 0.4626 1.1615 0.4994, 0.5217 1.1615 0.4994, 0.4626 0.9848 0.5977, 0.5217 0.9848 0.5977, 0.4626 0.0816 0.5118, 0.5217 0.0816 0.5118, 0.4626 0.0816 0.2362, 0.5217 0.0816 0.2362, 0.4626 0.9848 0.2362, 0.5217 0.9848 0.2362
            ]
        }
        coordIndex [
            0,1,2,-1,2,1,3,-1,4,0,5,-1,5,0,2,-1,6,4,7,-1,7,4,5,-1,8,6,9,-1,9,6,7,-1,10,8,11,-1,11,8,9,-1,10,11,12,-1,10,12,13,-1,13,12,14,-1,13,14,15,-1,15,14,16,-1,15,16,17,-1,17,16,18,-1,17,18,19,-1,20,19,21,-1,21,19,18,-1,20,21,22,-1,20,22,23,-1,23,22,24,-1,23,24,25,-1,25,24,26,-1,25,26,27,-1,27,26,28,-1,27,28,29,-1,29,28,30,-1,29,30,31,-1,31,30,32,-1,31,32,33,-1,33,32,34,-1,33,34,35,-1,36,35,37,-1,37,35,34,-1,36,37,38,-1,36,38,39,-1,39,38,40,-1,39,40,41,-1,41,40,42,-1,41,42,43,-1,43,42,44,-1,43,44,45,-1,45,44,46,-1,45,46,47,-1,47,46,48,-1,47,48,49,-1,49,48,50,-1,49,50,51,-1,52,51,53,-1,53,51,50,-1,52,53,54,-1,54,53,55,-1,54,55,56,-1,56,55,57,-1,56,57,58,-1,58,57,59,-1,58,59,60,-1,60,59,61,-1,62,60,63,-1,63,60,61,-1,62,63,64,-1,62,64,65,-1,65,64,66,-1,65,66,67,-1,67,66,68,-1,67,68,69,-1,69,68,70,-1,69,70,71,-1,72,71,73,-1,73,71,70,-1,74,72,75,-1,75,72,73,-1,76,74,77,-1,77,74,75,-1,78,76,79,-1,79,76,77,-1,80,78,81,-1,81,78,79,-1,82,80,83,-1,83,80,81,-1,84,82,85,-1,85,82,83,-1,86,84,87,-1,87,84,85,-1,1,86,3,-1,3,86,87,-1,60,62,8,-1,86,1,0,-1,69,71,4,-1,4,71,72,-1,4,72,0,-1,8,62,6,-1,6,62,65,-1,6,65,4,-1,4,65,67,-1,4,67,69,-1,86,0,84,-1,84,0,72,-1,84,72,82,-1,82,72,74,-1,82,74,80,-1,80,74,76,-1,80,76,78,-1,58,17,56,-1,56,17,19,-1,56,19,54,-1,20,51,19,-1,19,51,52,-1,19,52,54,-1,8,10,60,-1,60,10,13,-1,60,13,58,-1,58,13,15,-1,58,15,17,-1,51,36,39,-1,43,45,47,-1,36,51,35,-1,35,51,20,-1,35,20,33,-1,33,20,23,-1,33,23,25,-1,39,41,51,-1,51,41,43,-1,51,43,49,-1,49,43,47,-1,25,27,33,-1,33,27,29,-1,33,29,31,-1,75,73,85,-1,2,3,87,-1,85,83,75,-1,75,83,81,-1,75,81,77,-1,77,81,79,-1,18,16,57,-1,57,16,59,-1,87,85,2,-1,2,85,73,-1,2,73,5,-1,5,73,70,-1,16,14,59,-1,59,14,12,-1,59,12,61,-1,61,12,11,-1,61,11,63,-1,63,11,9,-1,63,9,64,-1,64,9,7,-1,64,7,66,-1,66,7,5,-1,66,5,68,-1,68,5,70,-1,40,38,50,-1,38,37,50,-1,50,37,21,-1,50,21,53,-1,53,21,18,-1,53,18,55,-1,55,18,57,-1,46,44,42,-1,40,50,42,-1,42,50,48,-1,42,48,46,-1,37,34,21,-1,21,34,32,-1,21,32,22,-1,22,32,24,-1,30,28,32,-1,32,28,26,-1,32,26,24,-1,88,89,90,-1,90,89,91,-1,92,88,93,-1,93,88,90,-1,94,92,95,-1,95,92,93,-1,96,94,97,-1,97,94,95,-1,98,96,99,-1,99,96,97,-1,98,99,100,-1,98,100,101,-1,101,100,102,-1,101,102,103,-1,103,102,104,-1,103,104,105,-1,105,104,106,-1,105,106,107,-1,108,107,109,-1,109,107,106,-1,108,109,110,-1,108,110,111,-1,111,110,112,-1,111,112,113,-1,113,112,114,-1,113,114,115,-1,115,114,116,-1,115,116,117,-1,117,116,118,-1,117,118,119,-1,119,118,120,-1,119,120,121,-1,121,120,122,-1,121,122,123,-1,124,123,125,-1,125,123,122,-1,124,125,126,-1,124,126,127,-1,127,126,128,-1,127,128,129,-1,129,128,130,-1,129,130,131,-1,131,130,132,-1,131,132,133,-1,133,132,134,-1,133,134,135,-1,135,134,136,-1,135,136,137,-1,137,136,138,-1,137,138,139,-1,140,139,141,-1,141,139,138,-1,140,141,142,-1,142,141,143,-1,142,143,144,-1,144,143,145,-1,144,145,146,-1,146,145,147,-1,146,147,148,-1,148,147,149,-1,150,148,151,-1,151,148,149,-1,150,151,152,-1,150,152,153,-1,153,152,154,-1,153,154,155,-1,155,154,156,-1,155,156,157,-1,157,156,158,-1,157,158,159,-1,160,159,161,-1,161,159,158,-1,162,160,163,-1,163,160,161,-1,164,162,165,-1,165,162,163,-1,166,164,167,-1,167,164,165,-1,168,166,169,-1,169,166,167,-1,170,168,171,-1,171,168,169,-1,172,170,173,-1,173,170,171,-1,174,172,175,-1,175,172,173,-1,89,174,91,-1,91,174,175,-1,148,150,96,-1,174,89,88,-1,157,159,92,-1,92,159,160,-1,92,160,88,-1,96,150,94,-1,94,150,153,-1,94,153,92,-1,92,153,155,-1,92,155,157,-1,174,88,172,-1,172,88,160,-1,172,160,170,-1,170,160,162,-1,170,162,168,-1,168,162,164,-1,168,164,166,-1,146,105,144,-1,144,105,107,-1,144,107,142,-1,108,139,107,-1,107,139,140,-1,107,140,142,-1,96,98,148,-1,148,98,101,-1,148,101,146,-1,146,101,103,-1,146,103,105,-1,139,124,127,-1,131,133,135,-1,124,139,123,-1,123,139,108,-1,123,108,121,-1,121,108,111,-1,121,111,113,-1,127,129,139,-1,139,129,131,-1,139,131,137,-1,137,131,135,-1,113,115,121,-1,121,115,117,-1,121,117,119,-1,163,161,173,-1,90,91,175,-1,173,171,163,-1,163,171,169,-1,163,169,165,-1,165,169,167,-1,106,104,145,-1,145,104,147,-1,175,173,90,-1,90,173,161,-1,90,161,93,-1,93,161,158,-1,104,102,147,-1,147,102,100,-1,147,100,149,-1,149,100,99,-1,149,99,151,-1,151,99,97,-1,151,97,152,-1,152,97,95,-1,152,95,154,-1,154,95,93,-1,154,93,156,-1,156,93,158,-1,128,126,138,-1,126,125,138,-1,138,125,109,-1,138,109,141,-1,141,109,106,-1,141,106,143,-1,143,106,145,-1,134,132,130,-1,128,138,130,-1,130,138,136,-1,130,136,134,-1,125,122,109,-1,109,122,120,-1,109,120,110,-1,110,120,112,-1,118,116,120,-1,120,116,114,-1,120,114,112,-1,176,177,178,-1,178,177,179,-1,180,176,181,-1,181,176,178,-1,182,180,183,-1,183,180,181,-1,184,182,185,-1,185,182,183,-1,186,184,187,-1,187,184,185,-1,186,187,188,-1,186,188,189,-1,189,188,190,-1,189,190,191,-1,191,190,192,-1,191,192,193,-1,193,192,194,-1,193,194,195,-1,196,195,197,-1,197,195,194,-1,196,197,198,-1,196,198,199,-1,199,198,200,-1,199,200,201,-1,201,200,202,-1,201,202,203,-1,203,202,204,-1,203,204,205,-1,205,204,206,-1,205,206,207,-1,207,206,208,-1,207,208,209,-1,209,208,210,-1,209,210,211,-1,212,211,213,-1,213,211,210,-1,212,213,214,-1,212,214,215,-1,215,214,216,-1,215,216,217,-1,217,216,218,-1,217,218,219,-1,219,218,220,-1,219,220,221,-1,221,220,222,-1,221,222,223,-1,223,222,224,-1,223,224,225,-1,225,224,226,-1,225,226,227,-1,228,227,229,-1,229,227,226,-1,228,229,230,-1,230,229,231,-1,230,231,232,-1,232,231,233,-1,232,233,234,-1,234,233,235,-1,234,235,236,-1,236,235,237,-1,238,236,239,-1,239,236,237,-1,238,239,240,-1,238,240,241,-1,241,240,242,-1,241,242,243,-1,243,242,244,-1,243,244,245,-1,245,244,246,-1,245,246,247,-1,248,247,249,-1,249,247,246,-1,250,248,251,-1,251,248,249,-1,252,250,253,-1,253,250,251,-1,254,252,255,-1,255,252,253,-1,256,254,257,-1,257,254,255,-1,258,256,259,-1,259,256,257,-1,260,258,261,-1,261,258,259,-1,262,260,263,-1,263,260,261,-1,177,262,179,-1,179,262,263,-1,236,238,184,-1,262,177,176,-1,245,247,180,-1,180,247,248,-1,180,248,176,-1,184,238,182,-1,182,238,241,-1,182,241,180,-1,180,241,243,-1,180,243,245,-1,262,176,260,-1,260,176,248,-1,260,248,258,-1,258,248,250,-1,258,250,256,-1,256,250,252,-1,256,252,254,-1,234,193,232,-1,232,193,195,-1,232,195,230,-1,196,227,195,-1,195,227,228,-1,195,228,230,-1,184,186,236,-1,236,186,189,-1,236,189,234,-1,234,189,191,-1,234,191,193,-1,227,212,215,-1,219,221,223,-1,212,227,211,-1,211,227,196,-1,211,196,209,-1,209,196,199,-1,209,199,201,-1,215,217,227,-1,227,217,219,-1,227,219,225,-1,225,219,223,-1,201,203,209,-1,209,203,205,-1,209,205,207,-1,251,249,261,-1,178,179,263,-1,261,259,251,-1,251,259,257,-1,251,257,253,-1,253,257,255,-1,194,192,233,-1,233,192,235,-1,263,261,178,-1,178,261,249,-1,178,249,181,-1,181,249,246,-1,192,190,235,-1,235,190,188,-1,235,188,237,-1,237,188,187,-1,237,187,239,-1,239,187,185,-1,239,185,240,-1,240,185,183,-1,240,183,242,-1,242,183,181,-1,242,181,244,-1,244,181,246,-1,216,214,226,-1,214,213,226,-1,226,213,197,-1,226,197,229,-1,229,197,194,-1,229,194,231,-1,231,194,233,-1,222,220,218,-1,216,226,218,-1,218,226,224,-1,218,224,222,-1,213,210,197,-1,197,210,208,-1,197,208,198,-1,198,208,200,-1,206,204,208,-1,208,204,202,-1,208,202,200,-1,264,265,266,-1,266,265,267,-1,268,264,269,-1,269,264,266,-1,270,268,271,-1,271,268,269,-1,272,270,273,-1,273,270,271,-1,274,272,275,-1,275,272,273,-1,274,275,276,-1,274,276,277,-1,277,276,278,-1,277,278,279,-1,279,278,280,-1,279,280,281,-1,281,280,282,-1,281,282,283,-1,284,283,285,-1,285,283,282,-1,284,285,286,-1,284,286,287,-1,287,286,288,-1,287,288,289,-1,289,288,290,-1,289,290,291,-1,291,290,292,-1,291,292,293,-1,293,292,294,-1,293,294,295,-1,295,294,296,-1,295,296,297,-1,297,296,298,-1,297,298,299,-1,300,299,301,-1,301,299,298,-1,300,301,302,-1,300,302,303,-1,303,302,304,-1,303,304,305,-1,305,304,306,-1,305,306,307,-1,307,306,308,-1,307,308,309,-1,309,308,310,-1,309,310,311,-1,311,310,312,-1,311,312,313,-1,313,312,314,-1,313,314,315,-1,316,315,317,-1,317,315,314,-1,316,317,318,-1,318,317,319,-1,318,319,320,-1,320,319,321,-1,320,321,322,-1,322,321,323,-1,322,323,324,-1,324,323,325,-1,326,324,327,-1,327,324,325,-1,326,327,328,-1,326,328,329,-1,329,328,330,-1,329,330,331,-1,331,330,332,-1,331,332,333,-1,333,332,334,-1,333,334,335,-1,336,335,337,-1,337,335,334,-1,338,336,339,-1,339,336,337,-1,340,338,341,-1,341,338,339,-1,342,340,343,-1,343,340,341,-1,344,342,345,-1,345,342,343,-1,346,344,347,-1,347,344,345,-1,348,346,349,-1,349,346,347,-1,350,348,351,-1,351,348,349,-1,265,350,267,-1,267,350,351,-1,324,326,272,-1,350,265,264,-1,333,335,268,-1,268,335,336,-1,268,336,264,-1,272,326,270,-1,270,326,329,-1,270,329,268,-1,268,329,331,-1,268,331,333,-1,350,264,348,-1,348,264,336,-1,348,336,346,-1,346,336,338,-1,346,338,344,-1,344,338,340,-1,344,340,342,-1,322,281,320,-1,320,281,283,-1,320,283,318,-1,284,315,283,-1,283,315,316,-1,283,316,318,-1,272,274,324,-1,324,274,277,-1,324,277,322,-1,322,277,279,-1,322,279,281,-1,315,300,303,-1,307,309,311,-1,300,315,299,-1,299,315,284,-1,299,284,297,-1,297,284,287,-1,297,287,289,-1,303,305,315,-1,315,305,307,-1,315,307,313,-1,313,307,311,-1,289,291,297,-1,297,291,293,-1,297,293,295,-1,339,337,349,-1,266,267,351,-1,349,347,339,-1,339,347,345,-1,339,345,341,-1,341,345,343,-1,282,280,321,-1,321,280,323,-1,351,349,266,-1,266,349,337,-1,266,337,269,-1,269,337,334,-1,280,278,323,-1,323,278,276,-1,323,276,325,-1,325,276,275,-1,325,275,327,-1,327,275,273,-1,327,273,328,-1,328,273,271,-1,328,271,330,-1,330,271,269,-1,330,269,332,-1,332,269,334,-1,304,302,314,-1,302,301,314,-1,314,301,285,-1,314,285,317,-1,317,285,282,-1,317,282,319,-1,319,282,321,-1,310,308,306,-1,304,314,306,-1,306,314,312,-1,306,312,310,-1,301,298,285,-1,285,298,296,-1,285,296,286,-1,286,296,288,-1,294,292,296,-1,296,292,290,-1,296,290,288,-1,352,353,354,-1,354,353,355,-1,356,352,357,-1,357,352,354,-1,358,356,359,-1,359,356,357,-1,360,358,361,-1,361,358,359,-1,362,360,363,-1,363,360,361,-1,362,363,364,-1,362,364,365,-1,365,364,366,-1,365,366,367,-1,367,366,368,-1,367,368,369,-1,369,368,370,-1,369,370,371,-1,372,371,373,-1,373,371,370,-1,372,373,374,-1,372,374,375,-1,375,374,376,-1,375,376,377,-1,377,376,378,-1,377,378,379,-1,379,378,380,-1,379,380,381,-1,381,380,382,-1,381,382,383,-1,383,382,384,-1,383,384,385,-1,385,384,386,-1,385,386,387,-1,388,387,389,-1,389,387,386,-1,388,389,390,-1,388,390,391,-1,391,390,392,-1,391,392,393,-1,393,392,394,-1,393,394,395,-1,395,394,396,-1,395,396,397,-1,397,396,398,-1,397,398,399,-1,399,398,400,-1,399,400,401,-1,401,400,402,-1,401,402,403,-1,404,403,405,-1,405,403,402,-1,404,405,406,-1,406,405,407,-1,406,407,408,-1,408,407,409,-1,408,409,410,-1,410,409,411,-1,410,411,412,-1,412,411,413,-1,414,412,415,-1,415,412,413,-1,414,415,416,-1,414,416,417,-1,417,416,418,-1,417,418,419,-1,419,418,420,-1,419,420,421,-1,421,420,422,-1,421,422,423,-1,424,423,425,-1,425,423,422,-1,426,424,427,-1,427,424,425,-1,428,426,429,-1,429,426,427,-1,430,428,431,-1,431,428,429,-1,432,430,433,-1,433,430,431,-1,434,432,435,-1,435,432,433,-1,436,434,437,-1,437,434,435,-1,438,436,439,-1,439,436,437,-1,353,438,355,-1,355,438,439,-1,412,414,360,-1,438,353,352,-1,421,423,356,-1,356,423,424,-1,356,424,352,-1,360,414,358,-1,358,414,417,-1,358,417,356,-1,356,417,419,-1,356,419,421,-1,438,352,436,-1,436,352,424,-1,436,424,434,-1,434,424,426,-1,434,426,432,-1,432,426,428,-1,432,428,430,-1,410,369,408,-1,408,369,371,-1,408,371,406,-1,372,403,371,-1,371,403,404,-1,371,404,406,-1,360,362,412,-1,412,362,365,-1,412,365,410,-1,410,365,367,-1,410,367,369,-1,403,388,391,-1,395,397,399,-1,388,403,387,-1,387,403,372,-1,387,372,385,-1,385,372,375,-1,385,375,377,-1,391,393,403,-1,403,393,395,-1,403,395,401,-1,401,395,399,-1,377,379,385,-1,385,379,381,-1,385,381,383,-1,427,425,437,-1,354,355,439,-1,437,435,427,-1,427,435,433,-1,427,433,429,-1,429,433,431,-1,370,368,409,-1,409,368,411,-1,439,437,354,-1,354,437,425,-1,354,425,357,-1,357,425,422,-1,368,366,411,-1,411,366,364,-1,411,364,413,-1,413,364,363,-1,413,363,415,-1,415,363,361,-1,415,361,416,-1,416,361,359,-1,416,359,418,-1,418,359,357,-1,418,357,420,-1,420,357,422,-1,392,390,402,-1,390,389,402,-1,402,389,373,-1,402,373,405,-1,405,373,370,-1,405,370,407,-1,407,370,409,-1,398,396,394,-1,392,402,394,-1,394,402,400,-1,394,400,398,-1,389,386,373,-1,373,386,384,-1,373,384,374,-1,374,384,376,-1,382,380,384,-1,384,380,378,-1,384,378,376,-1,440,441,442,-1,442,441,443,-1,444,440,445,-1,445,440,442,-1,446,444,447,-1,447,444,445,-1,448,446,449,-1,449,446,447,-1,450,448,451,-1,451,448,449,-1,450,451,452,-1,450,452,453,-1,453,452,454,-1,453,454,455,-1,455,454,456,-1,455,456,457,-1,457,456,458,-1,457,458,459,-1,460,459,461,-1,461,459,458,-1,460,461,462,-1,460,462,463,-1,463,462,464,-1,463,464,465,-1,465,464,466,-1,465,466,467,-1,467,466,468,-1,467,468,469,-1,469,468,470,-1,469,470,471,-1,471,470,472,-1,471,472,473,-1,473,472,474,-1,473,474,475,-1,476,475,477,-1,477,475,474,-1,476,477,478,-1,476,478,479,-1,479,478,480,-1,479,480,481,-1,481,480,482,-1,481,482,483,-1,483,482,484,-1,483,484,485,-1,485,484,486,-1,485,486,487,-1,487,486,488,-1,487,488,489,-1,489,488,490,-1,489,490,491,-1,492,491,493,-1,493,491,490,-1,492,493,494,-1,494,493,495,-1,494,495,496,-1,496,495,497,-1,496,497,498,-1,498,497,499,-1,498,499,500,-1,500,499,501,-1,502,500,503,-1,503,500,501,-1,502,503,504,-1,502,504,505,-1,505,504,506,-1,505,506,507,-1,507,506,508,-1,507,508,509,-1,509,508,510,-1,509,510,511,-1,512,511,513,-1,513,511,510,-1,514,512,515,-1,515,512,513,-1,516,514,517,-1,517,514,515,-1,518,516,519,-1,519,516,517,-1,520,518,521,-1,521,518,519,-1,522,520,523,-1,523,520,521,-1,524,522,525,-1,525,522,523,-1,526,524,527,-1,527,524,525,-1,441,526,443,-1,443,526,527,-1,500,502,448,-1,526,441,440,-1,509,511,444,-1,444,511,512,-1,444,512,440,-1,448,502,446,-1,446,502,505,-1,446,505,444,-1,444,505,507,-1,444,507,509,-1,526,440,524,-1,524,440,512,-1,524,512,522,-1,522,512,514,-1,522,514,520,-1,520,514,516,-1,520,516,518,-1,498,457,496,-1,496,457,459,-1,496,459,494,-1,460,491,459,-1,459,491,492,-1,459,492,494,-1,448,450,500,-1,500,450,453,-1,500,453,498,-1,498,453,455,-1,498,455,457,-1,491,476,479,-1,483,485,487,-1,476,491,475,-1,475,491,460,-1,475,460,473,-1,473,460,463,-1,473,463,465,-1,479,481,491,-1,491,481,483,-1,491,483,489,-1,489,483,487,-1,465,467,473,-1,473,467,469,-1,473,469,471,-1,515,513,525,-1,442,443,527,-1,525,523,515,-1,515,523,521,-1,515,521,517,-1,517,521,519,-1,458,456,497,-1,497,456,499,-1,527,525,442,-1,442,525,513,-1,442,513,445,-1,445,513,510,-1,456,454,499,-1,499,454,452,-1,499,452,501,-1,501,452,451,-1,501,451,503,-1,503,451,449,-1,503,449,504,-1,504,449,447,-1,504,447,506,-1,506,447,445,-1,506,445,508,-1,508,445,510,-1,480,478,490,-1,478,477,490,-1,490,477,461,-1,490,461,493,-1,493,461,458,-1,493,458,495,-1,495,458,497,-1,486,484,482,-1,480,490,482,-1,482,490,488,-1,482,488,486,-1,477,474,461,-1,461,474,472,-1,461,472,462,-1,462,472,464,-1,470,468,472,-1,472,468,466,-1,472,466,464,-1,
        ]
    }
}
Shape{
    appearance Appearance {
        material  Material 	{
            diffuseColor 0.10980392156862745 0.10980392156862745 0.10980392156862745
            specularColor 0.00784313725490196 0.00784313725490196 0.00784313725490196
            ambientIntensity 0.1569
            transparency 0.0
            shininess 0.5
        }
    }
    geometry IndexedFaceSet {
        ccw TRUE
        solid FALSE
        coord DEF co Coordinate {
            point [
                -0.7677 -0.1574 0.7874, 0.7678 -0.1574 0.7874, -0.7677 -0.1574 0.2362, 0.7678 -0.1574 0.2362, -0.6452 -0.9212 0.7874, -0.6102 -0.9251 0.7874, -0.7521 -0.836 0.7874, 0.6103 -0.9251 0.7874, 0.7678 -0.7677 0.7874, 0.6453 -0.9212 0.7874, -0.7677 -0.7677 0.7874, -0.7637 -0.8027 0.7874, 0.7085 -0.8908 0.7874, 0.7334 -0.8658 0.7874, 0.7522 -0.836 0.7874, 0.6786 -0.9095 0.7874, 0.7638 -0.8027 0.7874, -0.7333 -0.8658 0.7874, -0.7084 -0.8908 0.7874, -0.6785 -0.9095 0.7874, 0.6103 -0.9251 0.6299, -0.6102 -0.9251 0.6299, -0.7667 -0.7853 0.4901, -0.7677 -0.7677 0.4724, -0.7677 -0.7283 0.4331, 0.7678 -0.7283 0.4331, 0.7678 -0.7677 0.4724, 0.7668 -0.7853 0.4901, -0.7521 -0.836 0.5408, -0.7588 -0.8197 0.5245, -0.7637 -0.8027 0.5075, 0.7638 -0.8027 0.5075, 0.7589 -0.8197 0.5245, 0.7522 -0.836 0.5408, -0.7215 -0.879 0.5838, -0.7333 -0.8658 0.5706, -0.7435 -0.8514 0.5562, 0.7436 -0.8514 0.5562, 0.7334 -0.8658 0.5706, 0.7216 -0.879 0.5838, -0.6785 -0.9095 0.6143, -0.694 -0.901 0.6058, -0.7084 -0.8908 0.5956, 0.7085 -0.8908 0.5956, 0.6941 -0.901 0.6058, 0.6786 -0.9095 0.6143, -0.6278 -0.9242 0.6289, -0.6452 -0.9212 0.626, -0.6622 -0.9163 0.6211, 0.6623 -0.9163 0.6211, 0.6453 -0.9212 0.626, 0.6279 -0.9242 0.6289, -0.7677 -0.7283 0.2362, 0.7678 -0.7283 0.2362
            ]
        }
        coordIndex [
            0,1,2,-1,2,1,3,-1,4,5,6,-1,5,7,8,-1,8,7,9,-1,1,0,8,-1,8,0,10,-1,8,10,5,-1,5,10,11,-1,5,11,6,-1,12,13,14,-1,9,15,8,-1,8,15,12,-1,8,12,16,-1,16,12,14,-1,17,18,6,-1,6,18,19,-1,6,19,4,-1,7,5,20,-1,20,5,21,-1,22,23,21,-1,24,25,23,-1,23,25,26,-1,21,23,20,-1,20,23,26,-1,20,26,27,-1,28,29,21,-1,21,29,30,-1,21,30,22,-1,27,31,20,-1,20,31,32,-1,20,32,33,-1,34,35,21,-1,21,35,36,-1,21,36,28,-1,33,37,20,-1,20,37,38,-1,20,38,39,-1,40,41,21,-1,21,41,42,-1,21,42,34,-1,39,43,20,-1,20,43,44,-1,20,44,45,-1,46,47,21,-1,21,47,48,-1,21,48,40,-1,45,49,20,-1,20,49,50,-1,20,50,51,-1,52,53,24,-1,24,53,25,-1,2,3,52,-1,52,3,53,-1,53,3,25,-1,25,3,1,-1,25,1,26,-1,26,1,8,-1,23,10,24,-1,24,10,0,-1,24,0,52,-1,52,0,2,-1,16,31,8,-1,8,31,27,-1,8,27,26,-1,14,13,38,-1,38,37,14,-1,14,37,33,-1,14,33,16,-1,16,33,32,-1,16,32,31,-1,12,15,45,-1,45,44,12,-1,12,44,43,-1,12,43,13,-1,13,43,39,-1,13,39,38,-1,9,7,20,-1,20,51,9,-1,9,51,50,-1,9,50,15,-1,15,50,49,-1,15,49,45,-1,21,5,46,-1,46,5,4,-1,46,4,47,-1,47,4,48,-1,48,4,19,-1,48,19,40,-1,40,19,41,-1,41,19,18,-1,41,18,42,-1,42,18,34,-1,34,18,17,-1,34,17,35,-1,35,17,36,-1,36,17,6,-1,36,6,28,-1,28,6,29,-1,29,6,11,-1,29,11,30,-1,30,11,22,-1,22,11,10,-1,22,10,23,-1,
        ]
    }
}
Shape{
    appearance Appearance {
        material  Material 	{
            diffuseColor 0.6470588235294118 0.6196078431372549 0.5882352941176471
            specularColor 0.45098039215686275 0.43529411764705883 0.4117647058823529
            ambientIntensity 0.6242
            transparency 0.0
            shininess 0.5
        }
    }
    geometry IndexedFaceSet {
        ccw TRUE
        solid FALSE
        coord DEF co Coordinate {
            point [
                -1.2992 0.4134 0.0, -1.2992 0.4725 0.0, -1.2007 0.5512 0.0, -1.2204 0.3347 0.0, -1.1804 0.5539 0.0, -0.9842 0.3347 0.0, -1.1804 0.706 0.0, -1.2204 0.9253 0.0, -1.1614 0.6982 0.0, -0.9842 0.9253 0.0, -1.1451 0.6857 0.0, -1.1325 0.6693 0.0, -1.2379 0.3367 0.0, -1.2546 0.3425 0.0, -1.2695 0.3519 0.0, -1.282 0.3643 0.0, -1.2914 0.3793 0.0, -1.2972 0.3959 0.0, -1.1614 0.5618 0.0, -1.1451 0.5743 0.0, -1.1325 0.5906 0.0, -1.2408 0.7114 0.0, -1.2598 0.7193 0.0, -1.2761 0.7318 0.0, -1.2965 0.7671 0.0, -1.2992 0.7875 0.0, -1.2204 0.7087 0.0, -1.2007 0.7087 0.0, -1.2965 0.4929 0.0, -1.2408 0.5486 0.0, -1.2204 0.5512 0.0, -1.1247 0.6096 0.0, -1.122 0.63 0.0, -1.1247 0.6504 0.0, -1.2886 0.7481 0.0, -1.2886 0.5119 0.0, -1.2761 0.5282 0.0, -1.2598 0.5407 0.0, -1.2992 0.8465 0.0, -1.2965 0.8669 0.0, -1.2408 0.9226 0.0, -1.2886 0.8859 0.0, -1.2598 0.9147 0.0, -1.2761 0.9022 0.0, -1.2992 0.7875 0.0787, -1.2992 0.8465 0.0787, -1.2379 0.3367 0.0787, -1.2204 0.3347 0.0787, -1.2992 0.4134 0.0787, -1.2007 0.7087 0.0787, -1.1804 0.706 0.0787, -1.2204 0.9253 0.0787, -1.1451 0.6857 0.0787, -1.1325 0.6693 0.0787, -0.9842 0.9253 0.0787, -1.2992 0.4725 0.0787, -1.2965 0.4929 0.0787, -1.2408 0.5486 0.0787, -1.1614 0.6982 0.0787, -1.1325 0.5906 0.0787, -1.1451 0.5743 0.0787, -0.9842 0.3347 0.0787, -1.1614 0.5618 0.0787, -1.1804 0.5539 0.0787, -1.2007 0.5512 0.0787, -1.2204 0.5512 0.0787, -1.282 0.3643 0.0787, -1.2914 0.3793 0.0787, -1.2972 0.3959 0.0787, -1.2695 0.3519 0.0787, -1.2546 0.3425 0.0787, -1.2204 0.7087 0.0787, -1.2965 0.7671 0.0787, -1.1247 0.6504 0.0787, -1.122 0.63 0.0787, -1.1247 0.6096 0.0787, -1.2598 0.7193 0.0787, -1.2408 0.7114 0.0787, -1.2761 0.7318 0.0787, -1.2886 0.7481 0.0787, -1.2598 0.5407 0.0787, -1.2761 0.5282 0.0787, -1.2886 0.5119 0.0787, -1.2761 0.9022 0.0787, -1.2886 0.8859 0.0787, -1.2598 0.9147 0.0787, -1.2965 0.8669 0.0787, -1.2408 0.9226 0.0787, -0.9689 0.9253 0.0808, -0.9689 0.3347 0.0808, -0.9547 0.9253 0.0867, -0.9547 0.3347 0.0867, -0.9424 0.9253 0.096, -0.9424 0.3347 0.096, -0.9331 0.9253 0.1083, -0.9331 0.3347 0.1083, -0.9272 0.9253 0.1225, -0.9272 0.3347 0.1225, -0.9251 0.9253 0.1378, -0.9251 0.3347 0.1378, -0.9251 0.9253 0.1969, -0.9251 0.3347 0.5906, -0.9251 1.3583 0.1969, -0.9251 1.3583 0.5906, -0.8464 1.3583 0.1969, -0.8464 1.3583 0.5906, -0.8464 0.9253 0.1969, -0.8464 0.3347 0.5906, -0.8464 0.9253 0.1378, -0.8464 0.3347 0.1378, -0.8491 0.3347 0.1109, -0.8491 0.9253 0.1109, -0.8569 0.3347 0.0851, -0.8569 0.9253 0.0851, -0.8696 0.3347 0.0612, -0.8696 0.9253 0.0612, -0.8868 0.3347 0.0404, -0.8868 0.9253 0.0404, -0.9076 0.3347 0.0232, -0.9076 0.9253 0.0232, -0.9315 0.3347 0.0105, -0.9315 0.9253 0.0105, -0.9573 0.3347 0.0026, -0.9573 0.9253 0.0026, 1.238 0.3367 0.0, 1.2205 0.3347 0.0, 1.2993 0.4134 0.0, 1.2993 0.4725 0.0, 1.2966 0.4929 0.0, 1.2409 0.5486 0.0, 1.2915 0.3793 0.0, 1.2821 0.3643 0.0, 1.2696 0.3519 0.0, 1.2966 0.8669 0.0, 1.2993 0.8465 0.0, 1.2409 0.9226 0.0, 1.2205 0.7087 0.0, 1.2008 0.7087 0.0, 1.2205 0.9253 0.0, 1.1805 0.706 0.0, 0.9843 0.9253 0.0, 1.1326 0.5906 0.0, 1.1452 0.5743 0.0, 0.9843 0.3347 0.0, 1.1615 0.5618 0.0, 1.2973 0.3959 0.0, 1.1615 0.6982 0.0, 1.1452 0.6857 0.0, 1.1326 0.6693 0.0, 1.1805 0.5539 0.0, 1.2008 0.5512 0.0, 1.2205 0.5512 0.0, 1.2547 0.3425 0.0, 1.2966 0.7671 0.0, 1.2409 0.7114 0.0, 1.2993 0.7875 0.0, 1.1248 0.6504 0.0, 1.1221 0.63 0.0, 1.1248 0.6096 0.0, 1.2599 0.9147 0.0, 1.2762 0.9022 0.0, 1.2887 0.8859 0.0, 1.2599 0.5407 0.0, 1.2762 0.5282 0.0, 1.2887 0.5119 0.0, 1.2887 0.7481 0.0, 1.2762 0.7318 0.0, 1.2599 0.7193 0.0, 1.2993 0.7875 0.0787, 1.2993 0.8465 0.0787, 1.2008 0.5512 0.0787, 1.1805 0.5539 0.0787, 1.2205 0.3347 0.0787, 0.9843 0.3347 0.0787, 1.2205 0.9253 0.0787, 1.2008 0.7087 0.0787, 1.2205 0.7087 0.0787, 1.2547 0.3425 0.0787, 1.2696 0.3519 0.0787, 1.2993 0.4134 0.0787, 1.2993 0.4725 0.0787, 1.2966 0.7671 0.0787, 1.2409 0.7114 0.0787, 1.238 0.3367 0.0787, 1.1615 0.5618 0.0787, 1.1452 0.5743 0.0787, 1.1326 0.5906 0.0787, 1.1326 0.6693 0.0787, 1.1452 0.6857 0.0787, 0.9843 0.9253 0.0787, 1.1615 0.6982 0.0787, 1.1805 0.706 0.0787, 1.2821 0.3643 0.0787, 1.2915 0.3793 0.0787, 1.2973 0.3959 0.0787, 1.2966 0.4929 0.0787, 1.2409 0.5486 0.0787, 1.2205 0.5512 0.0787, 1.1248 0.6096 0.0787, 1.1221 0.63 0.0787, 1.1248 0.6504 0.0787, 1.2966 0.8669 0.0787, 1.2409 0.9226 0.0787, 1.2887 0.5119 0.0787, 1.2762 0.5282 0.0787, 1.2599 0.5407 0.0787, 1.2599 0.7193 0.0787, 1.2762 0.7318 0.0787, 1.2887 0.7481 0.0787, 1.2887 0.8859 0.0787, 1.2762 0.9022 0.0787, 1.2599 0.9147 0.0787, 0.9252 0.9253 0.1378, 0.9252 0.3347 0.1378, 0.9273 0.9253 0.1225, 0.9273 0.3347 0.1225, 0.9332 0.9253 0.1083, 0.9332 0.3347 0.1083, 0.9425 0.9253 0.096, 0.9425 0.3347 0.096, 0.9548 0.9253 0.0867, 0.9548 0.3347 0.0867, 0.969 0.9253 0.0808, 0.969 0.3347 0.0808, 0.9252 1.3583 0.1969, 0.9252 1.3583 0.5906, 0.9252 0.9253 0.1969, 0.9252 0.3347 0.5906, 0.8465 0.9253 0.1378, 0.8465 0.3347 0.1378, 0.8465 0.9253 0.1969, 0.8465 0.3347 0.5906, 0.8465 1.3583 0.1969, 0.8465 1.3583 0.5906, 0.9574 0.3347 0.0026, 0.9574 0.9253 0.0026, 0.9316 0.3347 0.0105, 0.9316 0.9253 0.0105, 0.9077 0.3347 0.0232, 0.9077 0.9253 0.0232, 0.8869 0.3347 0.0404, 0.8869 0.9253 0.0404, 0.8697 0.3347 0.0612, 0.8697 0.9253 0.0612, 0.857 0.3347 0.0851, 0.857 0.9253 0.0851, 0.8492 0.3347 0.1109, 0.8492 0.9253 0.1109
            ]
        }
        coordIndex [
            0,1,2,-1,0,2,3,-1,3,2,4,-1,3,4,5,-1,6,7,8,-1,8,7,9,-1,8,9,10,-1,10,9,11,-1,3,12,0,-1,0,12,13,-1,0,13,14,-1,14,15,0,-1,0,15,16,-1,0,16,17,-1,4,18,5,-1,5,18,19,-1,5,19,20,-1,21,22,23,-1,24,25,26,-1,26,25,7,-1,26,7,27,-1,27,7,6,-1,28,29,1,-1,1,29,30,-1,1,30,2,-1,20,31,5,-1,5,31,32,-1,5,32,9,-1,9,32,33,-1,9,33,11,-1,21,23,26,-1,26,23,34,-1,26,34,24,-1,28,35,29,-1,29,35,36,-1,29,36,37,-1,25,38,7,-1,7,38,39,-1,7,39,40,-1,40,39,41,-1,40,41,42,-1,42,41,43,-1,25,44,38,-1,38,44,45,-1,46,47,48,-1,49,50,51,-1,52,53,54,-1,48,47,55,-1,56,55,57,-1,51,50,54,-1,54,50,58,-1,54,58,52,-1,59,60,61,-1,61,60,62,-1,61,62,47,-1,62,63,47,-1,47,63,64,-1,47,64,55,-1,55,64,65,-1,55,65,57,-1,66,48,67,-1,67,48,68,-1,66,69,48,-1,48,69,70,-1,48,70,46,-1,45,44,71,-1,71,44,72,-1,53,73,54,-1,54,73,74,-1,54,74,61,-1,61,74,75,-1,61,75,59,-1,76,77,78,-1,78,77,71,-1,78,71,79,-1,79,71,72,-1,80,81,57,-1,57,81,82,-1,57,82,56,-1,83,84,85,-1,85,84,86,-1,85,86,87,-1,87,86,45,-1,87,45,51,-1,51,45,71,-1,51,71,49,-1,54,61,88,-1,88,61,89,-1,88,89,90,-1,90,89,91,-1,90,91,92,-1,92,91,93,-1,92,93,94,-1,94,93,95,-1,94,95,96,-1,96,95,97,-1,96,97,98,-1,98,97,99,-1,98,99,100,-1,100,99,101,-1,100,101,102,-1,102,101,103,-1,104,105,106,-1,106,105,107,-1,106,107,108,-1,108,107,109,-1,108,109,110,-1,108,110,111,-1,111,110,112,-1,111,112,113,-1,113,112,114,-1,113,114,115,-1,115,114,116,-1,115,116,117,-1,117,116,118,-1,117,118,119,-1,119,118,120,-1,119,120,121,-1,121,120,122,-1,121,122,123,-1,123,122,5,-1,123,5,9,-1,102,103,104,-1,104,103,105,-1,0,48,1,-1,1,48,55,-1,103,101,105,-1,105,101,107,-1,47,3,61,-1,61,3,5,-1,61,5,89,-1,95,112,97,-1,97,112,110,-1,97,110,99,-1,99,110,109,-1,99,109,101,-1,101,109,107,-1,5,122,89,-1,89,122,120,-1,89,120,91,-1,91,120,118,-1,91,118,93,-1,93,118,116,-1,93,116,95,-1,95,116,114,-1,95,114,112,-1,7,51,9,-1,9,51,54,-1,9,54,123,-1,123,54,88,-1,123,88,121,-1,121,88,90,-1,96,113,94,-1,94,113,115,-1,94,115,92,-1,92,115,117,-1,92,117,90,-1,90,117,119,-1,90,119,121,-1,100,106,98,-1,98,106,108,-1,98,108,96,-1,96,108,111,-1,96,111,113,-1,51,7,40,-1,51,40,87,-1,87,40,42,-1,87,42,85,-1,85,42,43,-1,85,43,83,-1,83,43,41,-1,83,41,84,-1,84,41,39,-1,84,39,86,-1,86,39,38,-1,86,38,45,-1,106,100,104,-1,104,100,102,-1,48,0,17,-1,48,17,68,-1,68,17,16,-1,68,16,67,-1,67,16,15,-1,67,15,66,-1,66,15,14,-1,66,14,69,-1,69,14,13,-1,69,13,70,-1,70,13,12,-1,70,12,46,-1,46,12,3,-1,46,3,47,-1,2,30,64,-1,64,30,65,-1,49,27,50,-1,50,27,6,-1,50,6,58,-1,58,6,8,-1,58,8,52,-1,52,8,10,-1,52,10,53,-1,53,10,11,-1,53,11,73,-1,73,11,33,-1,73,33,74,-1,74,33,32,-1,74,32,75,-1,75,32,31,-1,75,31,59,-1,59,31,20,-1,59,20,60,-1,60,20,19,-1,60,19,62,-1,62,19,18,-1,62,18,63,-1,63,18,4,-1,63,4,64,-1,64,4,2,-1,27,49,26,-1,26,49,71,-1,44,25,24,-1,44,24,72,-1,72,24,34,-1,72,34,79,-1,79,34,23,-1,79,23,78,-1,78,23,22,-1,78,22,76,-1,76,22,21,-1,76,21,77,-1,77,21,26,-1,77,26,71,-1,65,30,29,-1,65,29,57,-1,57,29,37,-1,57,37,80,-1,80,37,36,-1,80,36,81,-1,81,36,35,-1,81,35,82,-1,82,35,28,-1,82,28,56,-1,56,28,1,-1,56,1,55,-1,124,125,126,-1,126,125,127,-1,128,127,129,-1,130,131,132,-1,133,134,135,-1,136,137,138,-1,138,137,139,-1,138,139,140,-1,141,142,143,-1,143,142,144,-1,143,144,125,-1,130,132,145,-1,139,146,140,-1,140,146,147,-1,140,147,148,-1,144,149,125,-1,125,149,150,-1,125,150,127,-1,127,150,151,-1,127,151,129,-1,145,132,126,-1,126,132,152,-1,126,152,124,-1,153,154,155,-1,155,154,136,-1,155,136,134,-1,134,136,138,-1,134,138,135,-1,148,156,140,-1,140,156,157,-1,140,157,143,-1,143,157,158,-1,143,158,141,-1,159,160,135,-1,135,160,161,-1,135,161,133,-1,162,163,129,-1,129,163,164,-1,129,164,128,-1,153,165,154,-1,154,165,166,-1,154,166,167,-1,168,155,169,-1,169,155,134,-1,170,171,172,-1,172,171,173,-1,174,175,176,-1,177,178,179,-1,179,180,170,-1,181,168,182,-1,170,172,179,-1,179,172,183,-1,179,183,177,-1,171,184,173,-1,173,184,185,-1,173,185,186,-1,187,188,189,-1,189,188,190,-1,189,190,174,-1,174,190,191,-1,174,191,175,-1,178,192,179,-1,179,192,193,-1,179,193,194,-1,195,196,180,-1,180,196,197,-1,180,197,170,-1,186,198,173,-1,173,198,199,-1,173,199,189,-1,189,199,200,-1,189,200,187,-1,201,202,169,-1,169,202,174,-1,169,174,168,-1,168,174,176,-1,168,176,182,-1,195,203,196,-1,196,203,204,-1,196,204,205,-1,206,207,182,-1,182,207,208,-1,182,208,181,-1,201,209,202,-1,202,209,210,-1,202,210,211,-1,212,213,214,-1,214,213,215,-1,214,215,216,-1,216,215,217,-1,216,217,218,-1,218,217,219,-1,218,219,220,-1,220,219,221,-1,220,221,222,-1,222,221,223,-1,222,223,189,-1,189,223,173,-1,224,225,226,-1,226,225,227,-1,226,227,212,-1,212,227,213,-1,228,229,230,-1,230,229,231,-1,230,231,232,-1,232,231,233,-1,140,143,234,-1,140,234,235,-1,235,234,236,-1,235,236,237,-1,237,236,238,-1,237,238,239,-1,239,238,240,-1,239,240,241,-1,241,240,242,-1,241,242,243,-1,243,242,244,-1,243,244,245,-1,245,244,246,-1,245,246,247,-1,247,246,229,-1,247,229,228,-1,225,224,233,-1,233,224,232,-1,179,126,180,-1,180,126,127,-1,227,225,231,-1,231,225,233,-1,125,172,143,-1,143,172,173,-1,143,173,234,-1,234,173,223,-1,234,223,236,-1,236,223,221,-1,215,244,217,-1,217,244,242,-1,217,242,219,-1,219,242,240,-1,219,240,221,-1,221,240,238,-1,221,238,236,-1,227,231,213,-1,213,231,229,-1,213,229,215,-1,215,229,246,-1,215,246,244,-1,174,138,189,-1,189,138,140,-1,189,140,222,-1,216,245,214,-1,214,245,247,-1,214,247,212,-1,212,247,228,-1,212,228,226,-1,226,228,230,-1,140,235,222,-1,222,235,237,-1,222,237,220,-1,220,237,239,-1,220,239,218,-1,218,239,241,-1,218,241,216,-1,216,241,243,-1,216,243,245,-1,169,134,133,-1,169,133,201,-1,201,133,161,-1,201,161,209,-1,209,161,160,-1,209,160,210,-1,210,160,159,-1,210,159,211,-1,211,159,135,-1,211,135,202,-1,202,135,138,-1,202,138,174,-1,226,230,224,-1,224,230,232,-1,172,125,124,-1,172,124,183,-1,183,124,152,-1,183,152,177,-1,177,152,132,-1,177,132,178,-1,178,132,131,-1,178,131,192,-1,192,131,130,-1,192,130,193,-1,193,130,145,-1,193,145,194,-1,194,145,126,-1,194,126,179,-1,151,150,197,-1,197,150,170,-1,170,150,171,-1,171,150,149,-1,171,149,184,-1,184,149,144,-1,184,144,185,-1,185,144,142,-1,185,142,186,-1,186,142,141,-1,186,141,198,-1,198,141,158,-1,198,158,199,-1,199,158,157,-1,199,157,200,-1,200,157,156,-1,200,156,187,-1,187,156,148,-1,187,148,188,-1,188,148,147,-1,188,147,190,-1,190,147,146,-1,190,146,191,-1,191,146,139,-1,191,139,175,-1,175,139,137,-1,175,137,176,-1,176,137,136,-1,176,136,154,-1,176,154,182,-1,182,154,167,-1,182,167,206,-1,206,167,166,-1,206,166,207,-1,207,166,165,-1,207,165,208,-1,208,165,153,-1,208,153,181,-1,181,153,155,-1,181,155,168,-1,180,127,128,-1,180,128,195,-1,195,128,164,-1,195,164,203,-1,203,164,163,-1,203,163,204,-1,204,163,162,-1,204,162,205,-1,205,162,129,-1,205,129,196,-1,196,129,151,-1,196,151,197,-1,
        ]
    }
}
Shape{
    appearance Appearance {
        material  Material 	{
            diffuseColor 0.6784313725490196 0.6784313725490196 0.6784313725490196
            specularColor 0.047058823529411764 0.047058823529411764 0.047058823529411764
            ambientIntensity 0.9686
            transparency 0.0
            shininess 0.5
        }
    }
    geometry IndexedFaceSet {
        ccw TRUE
        solid FALSE
        coord DEF co Coordinate {
            point [
                0.5906 -0.5314 0.0197, 0.5906 -0.5314 0.2165, 0.5906 -0.374 0.0197, 0.5906 -0.374 0.2165, -0.2637 1.3583 0.1378, -0.2637 1.3583 0.2165, -0.1299 1.3583 0.2165, -0.5236 1.3583 0.6961, -0.5236 1.3583 0.5709, -0.5905 1.3583 0.5709, -0.8267 1.3583 0.0197, -0.5236 1.3583 0.1378, -0.4606 1.3583 0.1378, -0.0669 1.3583 0.1378, 0.0117 1.3583 0.0197, -0.1299 1.3583 0.1378, 0.4607 1.3583 0.5709, 0.3268 1.3583 0.5709, 0.4607 1.3583 0.6961, 0.3268 1.3583 0.6961, 0.2638 1.3583 0.6961, -1.2598 1.3583 0.7874, -0.0669 1.3583 0.2165, 0.067 1.3583 0.2165, 0.067 1.3583 0.1378, 0.3268 1.3583 0.2165, 0.4607 1.3583 0.2165, 0.3268 1.3583 0.1378, 0.4607 1.3583 0.1378, -1.1811 1.3583 0.4134, -0.9465 1.3583 0.6299, -1.0056 1.3583 0.4134, -0.9465 1.3583 0.1378, -1.0056 1.3583 0.1772, -0.9479 1.3583 0.1276, -0.4606 1.3583 0.2165, -0.3267 1.3583 0.2165, -0.3267 1.3583 0.1378, 0.13 1.3583 0.1378, 0.13 1.3583 0.2165, 0.2638 1.3583 0.2165, 0.2638 1.3583 0.1378, 0.8268 1.3583 0.0197, 0.5237 1.3583 0.1378, -0.9518 1.3583 0.1181, -0.958 1.3583 0.11, -0.9662 1.3583 0.1037, 0.5237 1.3583 0.2165, 0.5906 1.3583 0.2165, 0.8268 1.3583 0.6299, 0.067 1.3583 0.6961, 0.13 1.3583 0.6961, 0.13 1.3583 0.5709, 0.2638 1.3583 0.5709, 1.2599 1.3583 0.7874, 0.5237 1.3583 0.6961, 0.5906 1.3583 0.5709, 0.5237 1.3583 0.5709, -0.1299 1.3583 0.6961, -0.1299 1.3583 0.5709, -0.2637 1.3583 0.5709, -0.2637 1.3583 0.6961, -0.3267 1.3583 0.6961, 0.9466 1.3583 0.6299, 1.0057 1.3583 0.4134, 0.9466 1.3583 0.1378, 1.0057 1.3583 0.1772, 0.948 1.3583 0.1276, -0.0669 1.3583 0.6961, -0.0669 1.3583 0.5709, 0.067 1.3583 0.5709, 1.1812 1.3583 0.4134, 1.2599 1.3583 0.0984, 0.9663 1.3583 0.1037, 0.9758 1.3583 0.0998, 0.986 1.3583 0.0984, 0.9581 1.3583 0.11, 0.9519 1.3583 0.1181, 1.1812 1.3583 0.1772, -0.8267 1.3583 0.6299, -1.2598 1.3583 0.0984, -1.1811 1.3583 0.1772, -0.9859 1.3583 0.0984, -0.9757 1.3583 0.0998, -0.5236 1.3583 0.2165, -0.5905 1.3583 0.2165, -0.4606 1.3583 0.6961, -0.4606 1.3583 0.5709, -0.3267 1.3583 0.5709, 1.0237 -0.5314 0.2165, 1.2599 -0.5314 0.0197, 1.0237 -0.5314 0.5512, 1.2599 -0.5314 0.7874, 0.8662 -0.5314 0.5512, 0.8662 -0.5314 0.7874, -1.2598 -0.5314 0.7874, -0.8661 -0.5314 0.7874, -0.8661 -0.1377 0.7874, 0.8662 -0.1377 0.7874, 0.5906 1.2796 0.2953, 0.5906 -0.0193 0.2953, 0.5906 -0.0193 0.4921, 0.5906 1.2796 0.4921, 1.2599 0.2953 0.0984, 1.2599 0.2953 0.0197, -0.1415 0.4179 0.0197, -0.1418 0.419 0.0197, -0.1126 0.284 0.0197, -0.078 0.3883 0.0197, -0.5905 -0.5314 0.0197, -1.2598 -0.5314 0.0197, -0.5905 -0.374 0.0197, -1.2598 0.2953 0.0197, 0.0117 -0.374 0.0197, -0.8267 0.2953 0.0197, -0.0128 0.232 0.0197, -0.0126 0.2319 0.0197, -0.012 0.2319 0.0197, -0.1036 0.2457 0.0197, -0.1032 0.2512 0.0197, -0.0842 0.3148 0.0197, -0.1033 0.2538 0.0197, -0.0826 0.3592 0.0197, -0.0449 0.4128 0.0197, -0.0537 0.4122 0.0197, -0.0602 0.4106 0.0197, -0.0651 0.408 0.0197, -0.0116 0.232 0.0197, -0.0106 0.2326 0.0197, -0.0067 0.236 0.0197, -0.0386 0.4123 0.0197, 0.0117 0.4179 0.0197, -0.0694 0.4044 0.0197, -0.0739 0.3983 0.0197, -0.1039 0.2555 0.0197, -0.1044 0.2565 0.0197, -0.1732 0.2976 0.0197, -0.1766 0.2834 0.0197, -0.8267 0.4179 0.0197, -0.1064 0.2256 0.0197, -0.0655 0.2467 0.0197, -0.1066 0.2255 0.0197, -0.0607 0.2429 0.0197, 0.0011 0.4038 0.0197, 0.0013 0.4046 0.0197, -0.0816 0.2831 0.0197, -0.1058 0.227 0.0197, -0.1054 0.23 0.0197, -0.105 0.2339 0.0197, -0.1457 0.419 0.0197, -0.146 0.4179 0.0197, -0.1067 0.2255 0.0197, -0.0565 0.2408 0.0197, -0.1062 0.2258 0.0197, -0.1059 0.2264 0.0197, -0.0703 0.2526 0.0197, -0.0759 0.2627 0.0197, -0.1837 0.2267 0.0197, -0.1836 0.2264 0.0197, -0.1834 0.2262 0.0197, -0.1832 0.2261 0.0197, -0.183 0.226 0.0197, -0.1073 0.2256 0.0197, -0.1071 0.2255 0.0197, -0.1069 0.2254 0.0197, 0.001 0.2446 0.0197, 0.0011 0.2449 0.0197, 0.0012 0.2452 0.0197, 0.0011 0.2454 0.0197, 0.0009 0.246 0.0197, 0.0007 0.403 0.0197, 0.0006 0.2464 0.0197, 0.0007 0.2463 0.0197, 0.0014 0.4054 0.0197, 0.0012 0.4061 0.0197, 0.001 0.4066 0.0197, 0.0005 0.2465 0.0197, 0.0002 0.2466 0.0197, -0.01 0.395 0.0197, 0.0001 0.2467 0.0197, -0.0004 0.2467 0.0197, -0.0016 0.2466 0.0197, -0.0055 0.2466 0.0197, -0.01 0.2466 0.0197, -0.1058 0.2591 0.0197, -0.1095 0.2714 0.0197, -0.1781 0.2767 0.0197, -0.18 0.2701 0.0197, -0.182 0.2647 0.0197, -0.1838 0.2597 0.0197, -0.185 0.2579 0.0197, -0.186 0.2567 0.0197, -0.1816 0.2266 0.0197, -0.124 0.2987 0.0197, -0.1819 0.2263 0.0197, -0.1149 0.2565 0.0197, -0.1821 0.2261 0.0197, -0.0463 0.2386 0.0197, -0.0338 0.237 0.0197, -0.0214 0.2355 0.0197, -0.0157 0.4074 0.0197, -0.0217 0.408 0.0197, -0.0324 0.4111 0.0197, -0.1813 0.2273 0.0197, -0.1811 0.2279 0.0197, -0.1625 0.308 0.0197, -0.1792 0.2392 0.0197, -0.0167 0.2343 0.0197, -0.0138 0.2325 0.0197, 0.0 0.2431 0.0197, 0.0005 0.2437 0.0197, 0.0008 0.2442 0.0197, 0.0006 0.4071 0.0197, 0.0002 0.4074 0.0197, -0.005 0.4066 0.0197, -0.0063 0.397 0.0197, -0.0013 0.4012 0.0197, -0.0001 0.4021 0.0197, -0.0109 0.4066 0.0197, -0.0133 0.407 0.0197, -0.1841 0.229 0.0197, -0.1842 0.2305 0.0197, -0.1848 0.2353 0.0197, -0.184 0.2279 0.0197, -0.1838 0.2272 0.0197, -0.1082 0.2265 0.0197, -0.1079 0.2261 0.0197, -0.1076 0.2258 0.0197, -0.0081 0.3959 0.0197, -0.1862 0.2522 0.0197, -0.1861 0.2511 0.0197, -0.186 0.248 0.0197, -0.0041 0.2387 0.0197, -0.0007 0.2423 0.0197, -0.1863 0.2562 0.0197, -0.1864 0.2558 0.0197, -0.1865 0.2551 0.0197, -0.1824 0.226 0.0197, -0.1106 0.235 0.0197, -0.1826 0.2259 0.0197, -0.1089 0.2282 0.0197, -0.1086 0.2272 0.0197, -0.1828 0.2259 0.0197, 0.1269 0.4125 0.0197, 0.099 0.4072 0.0197, 0.0989 0.4074 0.0197, 0.1753 0.2497 0.0197, 0.1712 0.2458 0.0197, 0.1304 0.2754 0.0197, 0.1226 0.3021 0.0197, 0.0944 0.2356 0.0197, 0.0947 0.2367 0.0197, 0.1449 0.4101 0.0197, 0.1311 0.4125 0.0197, 0.1512 0.4135 0.0197, 0.1594 0.4156 0.0197, 0.0989 0.4052 0.0197, 0.099 0.406 0.0197, 0.099 0.4066 0.0197, 0.1811 0.258 0.0197, 0.1594 0.2418 0.0197, 0.1343 0.2592 0.0197, 0.1379 0.2524 0.0197, 0.0945 0.2389 0.0197, 0.0927 0.2461 0.0197, 0.092 0.3955 0.0197, 0.092 0.2534 0.0197, 0.092 0.2588 0.0197, 0.1572 0.4063 0.0197, 0.1631 0.4059 0.0197, 0.1681 0.4042 0.0197, 0.1891 0.3699 0.0197, 0.1541 0.4057 0.0197, 0.1825 0.3888 0.0197, 0.1776 0.3965 0.0197, 0.1388 0.4045 0.0197, 0.1356 0.4004 0.0197, 0.1331 0.3958 0.0197, 0.1269 0.3369 0.0197, 0.095 0.3991 0.0197, 0.1322 0.3369 0.0197, 0.1272 0.3024 0.0197, 0.1914 0.3559 0.0197, 0.1286 0.2874 0.0197, 0.1926 0.3103 0.0197, 0.1856 0.2698 0.0197, 0.1675 0.2435 0.0197, 0.1638 0.2423 0.0197, 0.153 0.2423 0.0197, 0.1469 0.2446 0.0197, 0.1419 0.248 0.0197, 0.0945 0.2389 0.0197, 0.1346 0.3768 0.0197, 0.1382 0.3897 0.0197, 0.142 0.397 0.0197, 0.1729 0.4012 0.0197, 0.0224 0.247 0.0197, 0.0232 0.248 0.0197, 0.0311 0.2568 0.0197, 0.0968 0.4013 0.0197, 0.098 0.4028 0.0197, 0.0986 0.4041 0.0197, 0.0989 0.4075 0.0197, 0.0987 0.4077 0.0197, 0.0984 0.4079 0.0197, 0.0918 0.2623 0.0197, 0.0917 0.2659 0.0197, 0.0838 0.3332 0.0197, 0.06 0.3363 0.0197, 0.0838 0.3955 0.0197, 0.0502 0.3383 0.0197, 0.0385 0.3437 0.0197, 0.0302 0.4038 0.0197, 0.0348 0.4032 0.0197, 0.098 0.4081 0.0197, 0.0975 0.4081 0.0197, 0.037 0.4168 0.0197, 0.0965 0.408 0.0197, 0.1454 0.401 0.0197, 0.1499 0.4041 0.0197, 0.0439 0.3406 0.0197, 0.041 0.3423 0.0197, 0.0481 0.4015 0.0197, 0.0414 0.4023 0.0197, 0.1713 0.2355 0.0197, 0.2217 0.241 0.0197, 0.1636 0.2329 0.0197, 0.222 0.2403 0.0197, 0.2796 0.4179 0.0197, 0.2712 0.4074 0.0197, 0.1633 0.4156 0.0197, 0.2755 0.2452 0.0197, 0.2537 0.247 0.0197, 0.2755 0.3896 0.0197, 0.2433 0.2486 0.0197, 0.0911 0.4071 0.0197, 0.0863 0.4066 0.0197, 0.0815 0.4066 0.0197, 0.0806 0.4066 0.0197, 0.0751 0.4067 0.0197, 0.0696 0.4074 0.0197, 0.0585 0.4094 0.0197, 0.0396 0.4151 0.0197, 0.0488 0.4114 0.0197, 0.041 0.4142 0.0197, 0.2837 0.423 0.0197, 0.1879 0.2541 0.0197, 0.1957 0.277 0.0197, 0.2227 0.244 0.0197, 0.2829 0.3905 0.0197, 0.2831 0.4043 0.0197, 0.2851 0.4179 0.0197, 0.2834 0.2459 0.0197, 0.2834 0.2463 0.0197, 0.2829 0.263 0.0197, 0.2396 0.2495 0.0197, 0.2374 0.2507 0.0197, 0.2345 0.2531 0.0197, 0.2743 0.4011 0.0197, 0.1922 0.3851 0.0197, 0.1853 0.3999 0.0197, 0.1793 0.407 0.0197, 0.1717 0.4127 0.0197, 0.1674 0.4147 0.0197, 0.2236 0.245 0.0197, 0.1993 0.2999 0.0197, 0.2004 0.3416 0.0197, 0.2333 0.2537 0.0197, 0.1991 0.3542 0.0197, 0.177 0.239 0.0197, 0.1818 0.2441 0.0197, 0.2218 0.242 0.0197, 0.2222 0.2433 0.0197, 0.224 0.2394 0.0197, 0.2282 0.2394 0.0197, 0.24 0.2378 0.0197, 0.2824 0.2337 0.0197, 0.2829 0.2339 0.0197, 0.8268 0.2953 0.0197, 0.2832 0.234 0.0197, 0.2835 0.2343 0.0197, 0.028 0.4067 0.0197, 0.0278 0.4062 0.0197, 0.0292 0.332 0.0197, 0.0295 0.3315 0.0197, 0.0299 0.3311 0.0197, 0.0303 0.3309 0.0197, 0.2754 0.3931 0.0197, 0.0936 0.2342 0.0197, 0.0941 0.2348 0.0197, 0.1375 0.2402 0.0197, 0.1431 0.2361 0.0197, 0.1498 0.2333 0.0197, 0.2838 0.2347 0.0197, 0.2842 0.2355 0.0197, 0.8268 0.4179 0.0197, 0.2844 0.2362 0.0197, 0.0283 0.4074 0.0197, 0.0277 0.4057 0.0197, 0.0277 0.4054 0.0197, 0.0279 0.405 0.0197, 0.0296 0.3347 0.0197, 0.0293 0.3341 0.0197, 0.0295 0.4038 0.0197, 0.029 0.3334 0.0197, 0.0289 0.404 0.0197, 0.029 0.3329 0.0197, 0.0284 0.4043 0.0197, 0.0281 0.4046 0.0197, 0.0838 0.3233 0.0197, 0.0838 0.2466 0.0197, 0.0416 0.2525 0.0197, 0.0302 0.3355 0.0197, 0.0288 0.4083 0.0197, 0.0308 0.3308 0.0197, 0.0317 0.3307 0.0197, 0.0336 0.2554 0.0197, 0.0375 0.2536 0.0197, 0.2267 0.2478 0.0197, 0.0225 0.2442 0.0197, 0.0227 0.244 0.0197, 0.0222 0.2448 0.0197, 0.1246 0.2698 0.0197, 0.1281 0.2554 0.0197, 0.1326 0.2463 0.0197, 0.2613 0.2358 0.0197, 0.2732 0.2347 0.0197, 0.0221 0.2464 0.0197, 0.022 0.2458 0.0197, 0.0221 0.2453 0.0197, 0.0249 0.2435 0.0197, 0.0291 0.2432 0.0197, 0.0241 0.2435 0.0197, 0.0505 0.2406 0.0197, 0.0719 0.2373 0.0197, 0.2223 0.24 0.0197, 0.1555 0.2324 0.0197, 0.2227 0.2398 0.0197, 0.2235 0.2395 0.0197, 0.2449 0.2372 0.0197, 0.2798 0.2342 0.0197, 0.2817 0.2337 0.0197, 0.029 0.3324 0.0197, 0.0912 0.2333 0.0197, 0.0922 0.2334 0.0197, 0.093 0.2337 0.0197, 0.0229 0.2438 0.0197, 0.0232 0.2437 0.0197, 0.0849 0.235 0.0197, 0.088 0.2339 0.0197, 0.0899 0.2334 0.0197, 0.2843 0.2378 0.0197, 0.2857 0.4207 0.0197, 0.986 0.2953 0.0984, 0.8268 0.2953 0.6299, 0.9466 0.2953 0.6299, 0.9466 0.2953 0.1378, 0.948 0.2953 0.1276, 0.9519 0.2953 0.1181, 0.9581 0.2953 0.11, 0.9663 0.2953 0.1037, 0.9758 0.2953 0.0998, 1.0057 1.1615 0.4134, 1.0057 1.1615 0.1772, 1.1812 1.1615 0.4134, 1.1812 1.1615 0.1772, 1.0237 -0.1377 0.2165, 0.5237 -0.374 0.2165, 0.5237 -0.1377 0.2165, 1.0237 -0.1377 0.5512, 0.8662 -0.1377 0.5512, -1.0236 -0.1377 0.5512, -1.0236 -0.1377 0.2165, -0.8661 -0.1377 0.5512, -0.5236 -0.1377 0.2165, -0.5236 -0.1377 0.6961, -0.4606 -0.1377 0.6961, -0.4606 -0.1377 0.2165, -0.3267 -0.1377 0.2165, -0.3267 -0.1377 0.6961, -0.2637 -0.1377 0.6961, 0.13 -0.1377 0.6961, 0.13 -0.1377 0.2165, 0.2638 -0.1377 0.2165, -0.2637 -0.1377 0.2165, -0.1299 -0.1377 0.2165, -0.1299 -0.1377 0.6961, -0.0669 -0.1377 0.6961, -0.0669 -0.1377 0.2165, 0.067 -0.1377 0.2165, 0.067 -0.1377 0.6961, 0.2638 -0.1377 0.6961, 0.3268 -0.1377 0.2165, 0.4607 -0.1377 0.2165, 0.3268 -0.1377 0.6961, 0.4607 -0.1377 0.6961, 0.5237 -0.1377 0.6961, 0.5237 -0.374 0.1378, 0.2638 -0.374 0.1378, 0.2638 -0.374 0.2165, 0.13 -0.374 0.2165, 0.4607 -0.374 0.2165, 0.3268 -0.374 0.2165, 0.4607 -0.374 0.1378, 0.3268 -0.374 0.1378, 0.13 -0.374 0.1378, 0.067 -0.374 0.1378, -0.1299 -0.374 0.2165, -0.2637 -0.374 0.2165, -0.1299 -0.374 0.1378, -0.2637 -0.374 0.1378, 0.067 -0.374 0.2165, -0.0669 -0.374 0.2165, -0.0669 -0.374 0.1378, -0.3267 -0.374 0.1378, -0.5236 -0.374 0.2165, -0.5905 -0.374 0.2165, -0.5236 -0.374 0.1378, -0.4606 -0.374 0.1378, -0.4606 -0.374 0.2165, -0.3267 -0.374 0.2165, 0.3268 -0.0193 0.2953, 0.3268 1.2796 0.2953, 0.3268 1.2796 0.4921, 0.3268 -0.0193 0.4921, 0.2638 1.2796 0.2953, 0.2638 -0.0193 0.2953, 0.2638 -0.0193 0.4921, 0.2638 1.2796 0.4921, 0.13 1.2796 0.2953, 0.13 -0.0193 0.2953, 0.13 -0.0193 0.4921, 0.13 1.2796 0.4921, 0.4607 1.2796 0.4921, 0.4607 -0.0193 0.4921, 0.4607 -0.0193 0.2953, 0.4607 1.2796 0.2953, 0.5237 -0.0193 0.2953, 0.5237 1.2796 0.2953, 0.5237 1.2796 0.4921, 0.5237 -0.0193 0.4921, 0.067 1.2796 0.2953, 0.067 -0.0193 0.2953, 0.067 -0.0193 0.4921, 0.067 1.2796 0.4921, -0.0669 1.2796 0.2953, -0.0669 -0.0193 0.2953, -0.0669 -0.0193 0.4921, -0.0669 1.2796 0.4921, -0.5905 -0.5314 0.2165, -1.0236 -0.5314 0.2165, -0.4606 -0.0193 0.2953, -0.4606 1.2796 0.2953, -0.4606 1.2796 0.4921, -0.4606 -0.0193 0.4921, -0.5236 1.2796 0.2953, -0.5236 -0.0193 0.2953, -0.5236 -0.0193 0.4921, -0.5236 1.2796 0.4921, -0.5905 1.2796 0.2953, -0.5905 -0.0193 0.2953, -0.5905 -0.0193 0.4921, -0.5905 1.2796 0.4921, -0.3267 1.2796 0.4921, -0.3267 -0.0193 0.4921, -0.3267 -0.0193 0.2953, -0.3267 1.2796 0.2953, -0.8661 -0.5314 0.5512, -1.0236 -0.5314 0.5512, -1.2598 0.2953 0.0984, -0.9859 0.2953 0.0984, -0.8267 0.2953 0.6299, -0.9465 0.2953 0.6299, -0.9465 0.2953 0.1378, -0.9757 0.2953 0.0998, -0.9662 0.2953 0.1037, -0.958 0.2953 0.11, -0.9518 0.2953 0.1181, -0.9479 0.2953 0.1276, -1.0056 1.1615 0.1772, -1.0056 1.1615 0.4134, -1.1811 1.1615 0.4134, -1.1811 1.1615 0.1772, -0.2637 -0.0193 0.2953, -0.2637 1.2796 0.2953, -0.2637 1.2796 0.4921, -0.2637 -0.0193 0.4921, -0.1299 1.2796 0.4921, -0.1299 -0.0193 0.4921, -0.1299 -0.0193 0.2953, -0.1299 1.2796 0.2953
            ]
        }
        coordIndex [
            0,1,2,-1,2,1,3,-1,4,5,6,-1,7,8,9,-1,10,11,12,-1,13,14,15,-1,15,14,10,-1,16,17,18,-1,18,17,19,-1,19,20,21,-1,22,23,24,-1,25,26,27,-1,27,26,28,-1,29,30,31,-1,31,30,32,-1,31,32,33,-1,33,32,34,-1,35,36,12,-1,12,36,37,-1,12,37,10,-1,10,37,4,-1,10,4,15,-1,15,4,6,-1,38,14,24,-1,24,14,13,-1,24,13,22,-1,39,40,38,-1,38,40,41,-1,38,41,14,-1,14,41,27,-1,14,27,42,-1,42,27,28,-1,42,28,43,-1,34,44,33,-1,33,44,45,-1,33,45,46,-1,43,47,42,-1,42,47,48,-1,42,48,49,-1,50,21,51,-1,51,21,20,-1,51,20,52,-1,52,20,53,-1,19,21,18,-1,18,21,54,-1,18,54,55,-1,55,54,56,-1,55,56,57,-1,58,59,60,-1,61,62,21,-1,63,64,65,-1,65,64,66,-1,65,66,67,-1,60,61,58,-1,58,61,21,-1,58,21,68,-1,68,21,50,-1,68,50,69,-1,69,50,70,-1,71,54,72,-1,73,66,74,-1,74,66,75,-1,73,76,66,-1,66,76,77,-1,66,77,67,-1,75,66,72,-1,72,66,78,-1,72,78,71,-1,79,30,21,-1,21,30,29,-1,21,29,80,-1,80,29,81,-1,80,81,82,-1,82,81,33,-1,82,33,83,-1,83,33,46,-1,48,56,49,-1,49,56,54,-1,49,54,63,-1,63,54,71,-1,63,71,64,-1,84,11,85,-1,85,11,10,-1,85,10,9,-1,9,10,79,-1,9,79,7,-1,7,79,21,-1,7,21,86,-1,86,21,62,-1,86,62,87,-1,87,62,88,-1,1,0,89,-1,89,0,90,-1,89,90,91,-1,91,90,92,-1,91,92,93,-1,93,92,94,-1,95,96,97,-1,94,92,98,-1,98,92,54,-1,98,54,97,-1,97,54,21,-1,97,21,95,-1,56,48,99,-1,100,101,99,-1,99,101,102,-1,99,102,56,-1,72,54,103,-1,103,54,92,-1,103,92,104,-1,104,92,90,-1,105,106,14,-1,107,105,108,-1,109,110,111,-1,111,110,112,-1,111,112,113,-1,113,112,114,-1,115,116,113,-1,113,116,117,-1,118,119,120,-1,120,119,121,-1,120,121,122,-1,123,124,105,-1,105,124,125,-1,105,125,126,-1,117,127,113,-1,113,127,128,-1,113,128,129,-1,130,123,131,-1,126,132,105,-1,105,132,133,-1,105,133,108,-1,122,121,108,-1,108,121,134,-1,108,134,135,-1,136,137,138,-1,139,140,141,-1,141,140,142,-1,143,144,131,-1,145,146,120,-1,120,146,147,-1,120,147,118,-1,118,147,148,-1,14,106,10,-1,10,106,149,-1,10,149,138,-1,138,149,150,-1,138,150,136,-1,151,141,113,-1,113,141,142,-1,113,142,152,-1,139,153,140,-1,140,153,154,-1,140,154,155,-1,155,154,146,-1,155,146,156,-1,156,146,145,-1,157,158,114,-1,114,158,159,-1,114,159,113,-1,113,159,160,-1,113,160,161,-1,162,163,113,-1,113,163,164,-1,113,164,151,-1,165,166,113,-1,113,166,167,-1,113,167,131,-1,131,167,168,-1,131,168,169,-1,170,143,171,-1,171,143,131,-1,171,131,172,-1,172,131,169,-1,144,173,131,-1,131,173,174,-1,131,174,175,-1,176,177,178,-1,178,177,179,-1,178,179,180,-1,180,181,178,-1,178,181,182,-1,178,182,183,-1,135,184,108,-1,108,184,185,-1,108,185,107,-1,137,186,138,-1,138,186,187,-1,138,187,188,-1,188,189,138,-1,138,189,190,-1,138,190,191,-1,192,193,194,-1,194,193,195,-1,194,195,196,-1,152,197,113,-1,113,197,198,-1,113,198,199,-1,200,201,131,-1,131,201,202,-1,131,202,130,-1,192,203,193,-1,193,203,204,-1,193,204,205,-1,205,204,206,-1,199,207,113,-1,113,207,208,-1,113,208,115,-1,209,210,113,-1,113,210,211,-1,113,211,165,-1,175,212,131,-1,131,212,213,-1,131,213,214,-1,215,216,171,-1,171,216,217,-1,171,217,170,-1,214,218,131,-1,131,218,219,-1,131,219,200,-1,220,114,221,-1,221,114,222,-1,220,223,114,-1,114,223,224,-1,114,224,157,-1,225,226,113,-1,113,226,227,-1,113,227,162,-1,176,178,171,-1,171,178,228,-1,171,228,215,-1,229,230,114,-1,114,230,231,-1,114,231,222,-1,129,232,113,-1,113,232,233,-1,113,233,209,-1,191,234,138,-1,138,234,235,-1,138,235,114,-1,114,235,236,-1,114,236,229,-1,196,195,237,-1,237,195,238,-1,237,238,239,-1,239,238,240,-1,239,240,241,-1,161,242,113,-1,113,242,239,-1,113,239,225,-1,225,239,241,-1,243,244,245,-1,246,247,248,-1,249,250,251,-1,252,253,254,-1,254,253,255,-1,256,257,243,-1,243,257,258,-1,243,258,244,-1,246,248,259,-1,248,260,261,-1,261,260,262,-1,263,264,265,-1,264,266,267,-1,268,269,270,-1,271,272,273,-1,273,272,274,-1,252,275,253,-1,253,275,276,-1,253,276,277,-1,278,265,279,-1,280,271,281,-1,281,271,282,-1,281,282,283,-1,283,282,284,-1,283,284,248,-1,248,284,285,-1,248,285,259,-1,247,286,248,-1,248,286,287,-1,248,287,260,-1,288,289,260,-1,260,289,290,-1,260,290,262,-1,263,265,291,-1,280,281,278,-1,278,281,249,-1,278,249,265,-1,265,249,251,-1,265,251,291,-1,280,292,271,-1,271,292,293,-1,271,293,294,-1,268,270,272,-1,272,270,295,-1,272,295,274,-1,296,131,297,-1,297,131,298,-1,279,299,278,-1,278,299,300,-1,278,300,243,-1,243,300,301,-1,243,301,256,-1,245,302,243,-1,243,302,303,-1,243,303,304,-1,264,267,265,-1,265,267,305,-1,265,305,306,-1,307,308,309,-1,309,308,310,-1,311,312,313,-1,304,314,243,-1,243,314,315,-1,243,315,316,-1,316,315,317,-1,294,318,271,-1,271,318,319,-1,271,319,272,-1,310,320,309,-1,309,320,321,-1,309,321,322,-1,322,321,311,-1,322,311,323,-1,323,311,313,-1,324,325,326,-1,326,325,327,-1,328,329,330,-1,331,332,333,-1,333,332,334,-1,335,336,317,-1,317,336,337,-1,317,337,316,-1,316,337,338,-1,316,338,339,-1,339,340,316,-1,316,340,341,-1,316,341,342,-1,342,341,343,-1,342,343,344,-1,330,255,328,-1,328,255,131,-1,328,131,345,-1,346,347,348,-1,349,350,351,-1,352,353,354,-1,334,355,333,-1,333,355,356,-1,333,356,357,-1,358,359,329,-1,329,359,360,-1,329,360,361,-1,361,362,329,-1,329,362,363,-1,329,363,330,-1,348,347,364,-1,365,366,367,-1,367,366,368,-1,367,368,359,-1,324,369,325,-1,325,369,370,-1,325,370,371,-1,371,370,346,-1,371,346,372,-1,372,346,348,-1,373,374,375,-1,376,377,378,-1,378,377,379,-1,378,379,380,-1,90,0,104,-1,104,0,2,-1,104,2,378,-1,378,2,113,-1,378,113,376,-1,381,382,131,-1,383,384,298,-1,298,384,385,-1,298,385,386,-1,357,367,333,-1,333,367,359,-1,333,359,387,-1,387,359,358,-1,388,389,390,-1,388,390,113,-1,113,390,391,-1,113,391,392,-1,380,393,378,-1,378,393,394,-1,378,394,395,-1,395,394,396,-1,381,131,397,-1,382,398,131,-1,131,398,399,-1,131,399,400,-1,401,402,403,-1,403,402,404,-1,403,404,405,-1,405,404,406,-1,405,406,407,-1,407,406,408,-1,409,410,411,-1,312,311,403,-1,403,311,412,-1,403,412,401,-1,253,243,255,-1,255,243,316,-1,255,316,131,-1,131,316,413,-1,131,413,397,-1,386,414,298,-1,298,414,415,-1,298,415,416,-1,416,415,409,-1,416,409,417,-1,417,409,411,-1,365,367,347,-1,347,367,418,-1,347,418,364,-1,419,420,113,-1,419,113,421,-1,249,422,250,-1,250,422,423,-1,250,423,389,-1,389,423,424,-1,389,424,390,-1,425,426,113,-1,296,427,131,-1,131,427,428,-1,131,428,113,-1,113,428,429,-1,113,429,421,-1,430,431,432,-1,432,431,433,-1,432,433,434,-1,327,435,326,-1,326,435,113,-1,326,113,436,-1,436,113,392,-1,435,437,113,-1,113,437,438,-1,113,438,373,-1,373,375,113,-1,113,375,439,-1,113,439,425,-1,426,440,113,-1,113,440,441,-1,113,441,376,-1,400,408,131,-1,131,408,406,-1,131,406,298,-1,298,406,442,-1,298,442,383,-1,443,444,113,-1,113,444,445,-1,113,445,388,-1,420,446,113,-1,113,446,447,-1,113,447,432,-1,434,448,432,-1,432,448,449,-1,432,449,113,-1,113,449,450,-1,113,450,443,-1,352,354,451,-1,451,354,349,-1,451,349,396,-1,396,349,351,-1,396,351,395,-1,395,351,452,-1,395,452,345,-1,123,105,131,-1,131,105,14,-1,131,14,345,-1,345,14,42,-1,345,42,395,-1,75,72,453,-1,453,72,103,-1,42,49,395,-1,395,49,454,-1,395,454,378,-1,49,63,454,-1,454,63,455,-1,63,65,455,-1,455,65,456,-1,456,65,67,-1,456,67,457,-1,457,67,77,-1,457,77,458,-1,458,77,76,-1,458,76,459,-1,459,76,73,-1,459,73,460,-1,460,73,74,-1,460,74,461,-1,461,74,75,-1,461,75,453,-1,454,455,378,-1,378,455,456,-1,378,456,457,-1,457,458,378,-1,378,458,459,-1,378,459,460,-1,103,104,453,-1,453,104,378,-1,453,378,461,-1,461,378,460,-1,462,463,64,-1,64,463,66,-1,464,462,71,-1,71,462,64,-1,465,464,78,-1,78,464,71,-1,463,465,66,-1,66,465,78,-1,464,465,462,-1,462,465,463,-1,1,89,3,-1,3,89,466,-1,3,466,467,-1,467,466,468,-1,89,91,466,-1,466,91,469,-1,91,93,469,-1,469,93,470,-1,471,472,473,-1,473,472,474,-1,473,474,97,-1,97,474,475,-1,97,475,476,-1,477,478,476,-1,476,478,479,-1,476,479,97,-1,97,479,480,-1,481,482,483,-1,484,485,480,-1,480,485,486,-1,480,486,97,-1,97,486,487,-1,488,489,487,-1,487,489,490,-1,487,490,97,-1,97,490,481,-1,97,481,491,-1,491,481,483,-1,492,493,494,-1,494,493,495,-1,466,469,468,-1,468,469,470,-1,468,470,496,-1,496,470,98,-1,496,98,495,-1,495,98,97,-1,495,97,494,-1,494,97,491,-1,94,98,93,-1,93,98,470,-1,3,467,2,-1,2,467,497,-1,498,499,500,-1,501,502,503,-1,503,502,504,-1,505,506,113,-1,500,505,498,-1,498,505,113,-1,498,113,504,-1,504,113,2,-1,504,2,503,-1,503,2,497,-1,507,508,509,-1,509,508,510,-1,511,512,506,-1,506,512,513,-1,506,513,113,-1,113,513,509,-1,113,509,111,-1,111,509,510,-1,111,510,514,-1,515,516,517,-1,517,516,111,-1,517,111,518,-1,518,111,514,-1,518,514,519,-1,519,514,520,-1,502,501,492,-1,492,501,493,-1,482,500,483,-1,483,500,499,-1,41,498,27,-1,27,498,504,-1,521,522,25,-1,17,523,524,-1,27,504,492,-1,492,504,502,-1,19,17,494,-1,494,17,524,-1,494,524,492,-1,492,524,521,-1,492,521,27,-1,27,521,25,-1,483,499,498,-1,40,525,41,-1,41,525,526,-1,498,41,483,-1,483,41,526,-1,483,526,491,-1,491,526,527,-1,527,528,491,-1,491,528,53,-1,491,53,20,-1,20,19,491,-1,491,19,494,-1,529,525,39,-1,39,525,40,-1,530,526,529,-1,529,526,525,-1,531,527,530,-1,530,527,526,-1,532,528,531,-1,531,528,527,-1,52,53,532,-1,532,53,528,-1,16,533,17,-1,17,533,523,-1,533,534,523,-1,523,534,524,-1,534,535,524,-1,524,535,521,-1,535,536,521,-1,521,536,522,-1,536,26,522,-1,522,26,25,-1,28,503,43,-1,43,503,497,-1,537,538,47,-1,57,539,540,-1,43,497,468,-1,468,497,467,-1,55,57,496,-1,496,57,540,-1,496,540,468,-1,468,540,537,-1,468,537,43,-1,43,537,47,-1,493,501,503,-1,26,536,28,-1,28,536,535,-1,503,28,493,-1,493,28,535,-1,493,535,495,-1,495,535,534,-1,534,533,495,-1,495,533,16,-1,495,16,18,-1,18,55,495,-1,495,55,496,-1,56,102,57,-1,57,102,539,-1,102,101,539,-1,539,101,540,-1,101,100,540,-1,540,100,537,-1,100,99,537,-1,537,99,538,-1,99,48,538,-1,538,48,47,-1,488,512,489,-1,489,512,511,-1,24,506,38,-1,38,506,505,-1,530,529,39,-1,52,532,531,-1,38,505,482,-1,482,505,500,-1,51,52,481,-1,481,52,531,-1,481,531,482,-1,482,531,530,-1,482,530,38,-1,38,530,39,-1,489,511,506,-1,23,541,24,-1,24,541,542,-1,506,24,489,-1,489,24,542,-1,489,542,490,-1,490,542,543,-1,543,544,490,-1,490,544,70,-1,490,70,50,-1,50,51,490,-1,490,51,481,-1,545,541,22,-1,22,541,23,-1,546,542,545,-1,545,542,541,-1,547,543,546,-1,546,543,542,-1,548,544,547,-1,547,544,543,-1,69,70,548,-1,548,70,544,-1,519,520,477,-1,477,520,478,-1,515,474,516,-1,516,474,472,-1,516,472,549,-1,549,472,550,-1,11,517,12,-1,12,517,518,-1,551,552,35,-1,87,553,554,-1,12,518,477,-1,477,518,519,-1,86,87,476,-1,476,87,554,-1,476,554,477,-1,477,554,551,-1,477,551,12,-1,12,551,35,-1,474,515,517,-1,84,555,11,-1,11,555,556,-1,517,11,474,-1,474,11,556,-1,474,556,475,-1,475,556,557,-1,557,558,475,-1,475,558,8,-1,475,8,7,-1,7,86,475,-1,475,86,476,-1,559,555,85,-1,85,555,84,-1,560,556,559,-1,559,556,555,-1,561,557,560,-1,560,557,556,-1,562,558,561,-1,561,558,557,-1,9,8,562,-1,562,8,558,-1,88,563,87,-1,87,563,553,-1,563,564,553,-1,553,564,554,-1,564,565,554,-1,554,565,551,-1,565,566,551,-1,551,566,552,-1,566,36,552,-1,552,36,35,-1,516,549,111,-1,111,549,109,-1,567,96,568,-1,568,96,95,-1,568,95,550,-1,550,95,110,-1,550,110,549,-1,549,110,109,-1,561,560,562,-1,562,560,559,-1,562,559,9,-1,9,559,85,-1,112,110,569,-1,569,110,95,-1,569,95,80,-1,80,95,21,-1,80,82,569,-1,569,82,570,-1,114,571,138,-1,138,571,79,-1,138,79,10,-1,30,79,572,-1,572,79,571,-1,32,30,573,-1,573,30,572,-1,570,82,83,-1,570,83,574,-1,574,83,46,-1,574,46,575,-1,575,46,45,-1,575,45,576,-1,576,45,44,-1,576,44,577,-1,577,44,34,-1,577,34,578,-1,578,34,32,-1,578,32,573,-1,572,571,573,-1,573,571,114,-1,573,114,578,-1,578,114,577,-1,574,575,114,-1,114,575,576,-1,114,576,577,-1,112,569,114,-1,114,569,570,-1,114,570,574,-1,579,580,33,-1,33,580,31,-1,580,581,31,-1,31,581,29,-1,581,582,29,-1,29,582,81,-1,582,579,81,-1,81,579,33,-1,582,581,579,-1,579,581,580,-1,568,550,471,-1,471,550,472,-1,567,568,473,-1,473,568,471,-1,97,96,473,-1,473,96,567,-1,508,507,484,-1,484,507,485,-1,37,514,4,-1,4,514,510,-1,583,584,5,-1,60,585,586,-1,4,510,484,-1,484,510,508,-1,61,60,480,-1,480,60,586,-1,480,586,484,-1,484,586,583,-1,484,583,4,-1,4,583,5,-1,478,520,514,-1,36,566,37,-1,37,566,565,-1,514,37,478,-1,478,37,565,-1,478,565,479,-1,479,565,564,-1,564,563,479,-1,479,563,88,-1,479,88,62,-1,62,61,479,-1,479,61,480,-1,59,587,60,-1,60,587,585,-1,587,588,585,-1,585,588,586,-1,588,589,586,-1,586,589,583,-1,589,590,583,-1,583,590,584,-1,590,6,584,-1,584,6,5,-1,15,509,13,-1,13,509,513,-1,546,545,22,-1,69,548,547,-1,13,513,488,-1,488,513,512,-1,68,69,487,-1,487,69,547,-1,487,547,488,-1,488,547,546,-1,488,546,13,-1,13,546,22,-1,485,507,509,-1,6,590,15,-1,15,590,589,-1,509,15,485,-1,485,15,589,-1,485,589,486,-1,486,589,588,-1,588,587,486,-1,486,587,59,-1,486,59,58,-1,58,68,486,-1,486,68,487,-1,
        ]
    }
}
Shape{
    appearance Appearance {
        material  Material 	{
            diffuseColor 0.792156862745098 0.8196078431372549 0.9333333333333333
            specularColor 0.396078431372549 0.4117647058823529 0.4666666666666667
            ambientIntensity 0.8244
            transparency 0.0
            shininess 0.5
        }
    }
    geometry IndexedFaceSet {
        ccw TRUE
        solid FALSE
        coord DEF co Coordinate {
            point [
                -0.1149 0.2565 0.0236, -0.1149 0.2565 0.0197, -0.124 0.2987 0.0236, -0.124 0.2987 0.0197, -0.1106 0.235 0.0236, -0.1106 0.235 0.0197, -0.1089 0.2282 0.0236, -0.1089 0.2282 0.0197, -0.105 0.2339 0.0236, -0.105 0.2339 0.0197, -0.1054 0.23 0.0197, -0.1054 0.23 0.0236, -0.1058 0.227 0.0197, -0.1058 0.227 0.0236, -0.1059 0.2264 0.0197, -0.1059 0.2264 0.0236, -0.1062 0.2258 0.0197, -0.1062 0.2258 0.0236, -0.1064 0.2256 0.0197, -0.1064 0.2256 0.0236, -0.1066 0.2255 0.0197, -0.1066 0.2255 0.0236, -0.1067 0.2255 0.0197, -0.1067 0.2255 0.0236, -0.1069 0.2254 0.0197, -0.1069 0.2254 0.0236, -0.1071 0.2255 0.0197, -0.1071 0.2255 0.0236, -0.1073 0.2256 0.0197, -0.1073 0.2256 0.0236, -0.1076 0.2258 0.0197, -0.1076 0.2258 0.0236, -0.1079 0.2261 0.0197, -0.1079 0.2261 0.0236, -0.1082 0.2265 0.0197, -0.1082 0.2265 0.0236, -0.1086 0.2272 0.0197, -0.1086 0.2272 0.0236, -0.1036 0.2457 0.0236, -0.1036 0.2457 0.0197, -0.1044 0.2565 0.0236, -0.1044 0.2565 0.0197, -0.1039 0.2555 0.0197, -0.1039 0.2555 0.0236, -0.1033 0.2538 0.0197, -0.1033 0.2538 0.0236, -0.1032 0.2512 0.0197, -0.1032 0.2512 0.0236, -0.1058 0.2591 0.0236, -0.1058 0.2591 0.0197, -0.1126 0.284 0.0236, -0.1126 0.284 0.0197, -0.1095 0.2714 0.0197, -0.1095 0.2714 0.0236, -0.1415 0.4179 0.0197, -0.1418 0.419 0.0236, -0.1418 0.419 0.0197, -0.1457 0.419 0.0236, -0.1457 0.419 0.0197, -0.146 0.4179 0.0197, -0.1732 0.2976 0.0236, -0.1732 0.2976 0.0197, -0.1766 0.2834 0.0236, -0.1766 0.2834 0.0197, -0.18 0.2701 0.0236, -0.18 0.2701 0.0197, -0.1781 0.2767 0.0197, -0.1781 0.2767 0.0236, -0.182 0.2647 0.0236, -0.182 0.2647 0.0197, -0.186 0.248 0.0236, -0.186 0.248 0.0197, -0.1861 0.2511 0.0197, -0.1861 0.2511 0.0236, -0.1862 0.2522 0.0197, -0.1862 0.2522 0.0236, -0.1865 0.2551 0.0197, -0.1865 0.2551 0.0236, -0.1864 0.2558 0.0197, -0.1864 0.2558 0.0236, -0.1863 0.2562 0.0197, -0.1863 0.2562 0.0236, -0.186 0.2567 0.0197, -0.186 0.2567 0.0236, -0.185 0.2579 0.0197, -0.185 0.2579 0.0236, -0.1838 0.2597 0.0197, -0.1838 0.2597 0.0236, -0.1848 0.2353 0.0236, -0.1848 0.2353 0.0197, -0.1842 0.2305 0.0236, -0.1842 0.2305 0.0197, -0.1811 0.2279 0.0236, -0.1811 0.2279 0.0197, -0.1813 0.2273 0.0197, -0.1813 0.2273 0.0236, -0.1816 0.2266 0.0197, -0.1816 0.2266 0.0236, -0.1819 0.2263 0.0197, -0.1819 0.2263 0.0236, -0.1821 0.2261 0.0197, -0.1821 0.2261 0.0236, -0.1824 0.226 0.0197, -0.1824 0.226 0.0236, -0.1826 0.2259 0.0197, -0.1826 0.2259 0.0236, -0.1828 0.2259 0.0197, -0.1828 0.2259 0.0236, -0.183 0.226 0.0197, -0.183 0.226 0.0236, -0.1832 0.2261 0.0197, -0.1832 0.2261 0.0236, -0.1834 0.2262 0.0197, -0.1834 0.2262 0.0236, -0.1836 0.2264 0.0197, -0.1836 0.2264 0.0236, -0.1837 0.2267 0.0197, -0.1837 0.2267 0.0236, -0.1838 0.2272 0.0197, -0.1838 0.2272 0.0236, -0.184 0.2279 0.0197, -0.184 0.2279 0.0236, -0.1841 0.229 0.0197, -0.1841 0.229 0.0236, -0.1792 0.2392 0.0236, -0.1792 0.2392 0.0197, -0.1625 0.308 0.0236, -0.1625 0.308 0.0197, -0.1438 0.3918 0.0236, -0.1253 0.3086 0.0236, -0.1619 0.3123 0.0236, -0.1542 0.3197 0.0236, -0.1472 0.3148 0.0236, -0.1445 0.3135 0.0236, -0.1365 0.3109 0.0236, -0.1253 0.3086 0.0197, -0.1438 0.3918 0.0197, -0.1472 0.3148 0.0197, -0.1445 0.3135 0.0197, -0.1365 0.3109 0.0197, -0.1542 0.3197 0.0197, -0.1619 0.3123 0.0197, -0.0013 0.4012 0.0236, -0.0013 0.4012 0.0197, -0.0063 0.397 0.0236, -0.0063 0.397 0.0197, 0.0002 0.4074 0.0236, 0.0002 0.4074 0.0197, 0.0006 0.4071 0.0197, 0.0006 0.4071 0.0236, 0.001 0.4066 0.0197, 0.001 0.4066 0.0236, 0.0012 0.4061 0.0197, 0.0012 0.4061 0.0236, 0.0014 0.4054 0.0197, 0.0014 0.4054 0.0236, 0.0013 0.4046 0.0197, 0.0013 0.4046 0.0236, 0.0011 0.4038 0.0197, 0.0011 0.4038 0.0236, 0.0007 0.403 0.0197, 0.0007 0.403 0.0236, -0.0001 0.4021 0.0197, -0.0001 0.4021 0.0236, -0.005 0.4066 0.0236, -0.005 0.4066 0.0197, -0.0109 0.4066 0.0236, -0.0109 0.4066 0.0197, -0.0157 0.4074 0.0236, -0.0157 0.4074 0.0197, -0.0133 0.407 0.0197, -0.0133 0.407 0.0236, -0.0217 0.408 0.0236, -0.0217 0.408 0.0197, -0.0324 0.4111 0.0236, -0.0324 0.4111 0.0197, -0.0449 0.4128 0.0236, -0.0449 0.4128 0.0197, -0.0386 0.4123 0.0197, -0.0386 0.4123 0.0236, -0.0842 0.3148 0.0236, -0.0842 0.3148 0.0197, -0.0826 0.3592 0.0197, -0.0826 0.3592 0.0236, -0.078 0.3883 0.0197, -0.078 0.3883 0.0236, -0.0739 0.3983 0.0197, -0.0739 0.3983 0.0236, -0.0694 0.4044 0.0197, -0.0694 0.4044 0.0236, -0.0651 0.408 0.0197, -0.0651 0.408 0.0236, -0.0602 0.4106 0.0197, -0.0602 0.4106 0.0236, -0.0537 0.4122 0.0197, -0.0537 0.4122 0.0236, -0.0338 0.237 0.0236, -0.0338 0.237 0.0197, -0.0463 0.2386 0.0197, -0.0463 0.2386 0.0236, -0.0565 0.2408 0.0197, -0.0565 0.2408 0.0236, -0.0607 0.2429 0.0197, -0.0607 0.2429 0.0236, -0.0655 0.2467 0.0197, -0.0655 0.2467 0.0236, -0.0703 0.2526 0.0197, -0.0703 0.2526 0.0236, -0.0759 0.2627 0.0197, -0.0759 0.2627 0.0236, -0.0816 0.2831 0.0197, -0.0816 0.2831 0.0236, -0.0214 0.2355 0.0236, -0.0214 0.2355 0.0197, -0.0126 0.2319 0.0236, -0.0126 0.2319 0.0197, -0.0128 0.232 0.0197, -0.0128 0.232 0.0236, -0.0138 0.2325 0.0197, -0.0138 0.2325 0.0236, -0.0167 0.2343 0.0197, -0.0167 0.2343 0.0236, -0.0041 0.2387 0.0236, -0.0041 0.2387 0.0197, -0.0067 0.236 0.0197, -0.0067 0.236 0.0236, -0.0106 0.2326 0.0197, -0.0106 0.2326 0.0236, -0.0116 0.232 0.0197, -0.0116 0.232 0.0236, -0.012 0.2319 0.0197, -0.012 0.2319 0.0236, -0.0007 0.2423 0.0236, -0.0007 0.2423 0.0197, -0.0016 0.2466 0.0236, -0.0016 0.2466 0.0197, -0.0004 0.2467 0.0197, -0.0004 0.2467 0.0236, 0.0001 0.2467 0.0197, 0.0001 0.2467 0.0236, 0.0002 0.2466 0.0197, 0.0002 0.2466 0.0236, 0.0005 0.2465 0.0197, 0.0005 0.2465 0.0236, 0.0006 0.2464 0.0197, 0.0006 0.2464 0.0236, 0.0007 0.2463 0.0197, 0.0007 0.2463 0.0236, 0.0009 0.246 0.0197, 0.0009 0.246 0.0236, 0.0011 0.2454 0.0197, 0.0011 0.2454 0.0236, 0.0012 0.2452 0.0197, 0.0012 0.2452 0.0236, 0.0011 0.2449 0.0197, 0.0011 0.2449 0.0236, 0.001 0.2446 0.0197, 0.001 0.2446 0.0236, 0.0008 0.2442 0.0197, 0.0008 0.2442 0.0236, 0.0005 0.2437 0.0197, 0.0005 0.2437 0.0236, 0.0 0.2431 0.0197, 0.0 0.2431 0.0236, -0.0055 0.2466 0.0236, -0.0055 0.2466 0.0197, -0.01 0.2466 0.0236, -0.01 0.2466 0.0197, -0.01 0.395 0.0236, -0.01 0.395 0.0197, -0.0081 0.3959 0.0197, -0.0081 0.3959 0.0236, -0.018 0.397 0.0236, -0.0542 0.2513 0.0236, -0.0588 0.2534 0.0236, -0.0622 0.2561 0.0236, -0.0655 0.2602 0.0236, -0.0714 0.2736 0.0236, -0.018 0.2472 0.0236, -0.0233 0.3992 0.0236, -0.0354 0.402 0.0236, -0.0477 0.4029 0.0236, -0.0547 0.4016 0.0236, -0.0479 0.2497 0.0236, -0.0392 0.2486 0.0236, -0.0267 0.2472 0.0236, -0.0223 0.247 0.0236, -0.076 0.3023 0.0236, -0.0763 0.3397 0.0236, -0.073 0.3782 0.0236, -0.0604 0.3995 0.0236, -0.0636 0.3972 0.0236, -0.0673 0.3929 0.0236, -0.0705 0.3868 0.0236, -0.0392 0.2486 0.0197, -0.0267 0.2472 0.0197, -0.0763 0.3397 0.0197, -0.076 0.3023 0.0197, -0.0714 0.2736 0.0197, -0.0655 0.2602 0.0197, -0.0622 0.2561 0.0197, -0.0588 0.2534 0.0197, -0.0542 0.2513 0.0197, -0.0479 0.2497 0.0197, -0.0477 0.4029 0.0197, -0.0547 0.4016 0.0197, -0.0604 0.3995 0.0197, -0.0636 0.3972 0.0197, -0.0673 0.3929 0.0197, -0.0705 0.3868 0.0197, -0.073 0.3782 0.0197, -0.0233 0.3992 0.0197, -0.0354 0.402 0.0197, -0.018 0.397 0.0197, -0.018 0.2472 0.0197, -0.0223 0.247 0.0197, 0.06 0.3363 0.0236, 0.06 0.3363 0.0197, 0.0838 0.3332 0.0236, 0.0838 0.3332 0.0197, 0.041 0.3423 0.0236, 0.041 0.3423 0.0197, 0.0439 0.3406 0.0197, 0.0439 0.3406 0.0236, 0.0502 0.3383 0.0197, 0.0502 0.3383 0.0236, 0.0385 0.3437 0.0236, 0.0385 0.3437 0.0197, 0.0302 0.3355 0.0236, 0.0302 0.3355 0.0197, 0.0317 0.3307 0.0236, 0.0317 0.3307 0.0197, 0.0308 0.3308 0.0197, 0.0308 0.3308 0.0236, 0.0303 0.3309 0.0197, 0.0303 0.3309 0.0236, 0.0299 0.3311 0.0197, 0.0299 0.3311 0.0236, 0.0295 0.3315 0.0197, 0.0295 0.3315 0.0236, 0.0292 0.332 0.0197, 0.0292 0.332 0.0236, 0.029 0.3324 0.0197, 0.029 0.3324 0.0236, 0.029 0.3329 0.0197, 0.029 0.3329 0.0236, 0.029 0.3334 0.0197, 0.029 0.3334 0.0236, 0.0293 0.3341 0.0197, 0.0293 0.3341 0.0236, 0.0296 0.3347 0.0197, 0.0296 0.3347 0.0236, 0.0838 0.3233 0.0236, 0.0838 0.3233 0.0197, 0.0838 0.2466 0.0236, 0.0838 0.2466 0.0197, 0.0416 0.2525 0.0236, 0.0416 0.2525 0.0197, 0.0336 0.2554 0.0236, 0.0336 0.2554 0.0197, 0.0375 0.2536 0.0197, 0.0375 0.2536 0.0236, 0.0311 0.2568 0.0236, 0.0311 0.2568 0.0197, 0.0232 0.248 0.0236, 0.0232 0.248 0.0197, 0.0249 0.2435 0.0236, 0.0249 0.2435 0.0197, 0.0241 0.2435 0.0197, 0.0241 0.2435 0.0236, 0.0232 0.2437 0.0197, 0.0232 0.2437 0.0236, 0.0229 0.2438 0.0197, 0.0229 0.2438 0.0236, 0.0227 0.244 0.0197, 0.0227 0.244 0.0236, 0.0225 0.2442 0.0197, 0.0225 0.2442 0.0236, 0.0222 0.2448 0.0197, 0.0222 0.2448 0.0236, 0.0221 0.2453 0.0197, 0.0221 0.2453 0.0236, 0.022 0.2458 0.0197, 0.022 0.2458 0.0236, 0.0221 0.2464 0.0197, 0.0221 0.2464 0.0236, 0.0224 0.247 0.0197, 0.0224 0.247 0.0236, 0.0291 0.2432 0.0236, 0.0291 0.2432 0.0197, 0.0719 0.2373 0.0236, 0.0719 0.2373 0.0197, 0.0505 0.2406 0.0197, 0.0505 0.2406 0.0236, 0.0849 0.235 0.0236, 0.0849 0.235 0.0197, 0.0945 0.2389 0.0236, 0.0945 0.2389 0.0197, 0.0945 0.2389 0.0197, 0.0945 0.2389 0.0236, 0.0947 0.2367 0.0197, 0.0947 0.2367 0.0236, 0.0944 0.2356 0.0197, 0.0944 0.2356 0.0236, 0.0941 0.2348 0.0197, 0.0941 0.2348 0.0236, 0.0936 0.2342 0.0197, 0.0936 0.2342 0.0236, 0.093 0.2337 0.0197, 0.093 0.2337 0.0236, 0.0922 0.2334 0.0197, 0.0922 0.2334 0.0236, 0.0912 0.2333 0.0197, 0.0912 0.2333 0.0236, 0.0899 0.2334 0.0197, 0.0899 0.2334 0.0236, 0.088 0.2339 0.0197, 0.088 0.2339 0.0236, 0.092 0.2534 0.0236, 0.092 0.2534 0.0197, 0.0927 0.2461 0.0197, 0.0927 0.2461 0.0236, 0.092 0.2588 0.0236, 0.092 0.2588 0.0197, 0.0917 0.2659 0.0236, 0.0917 0.2659 0.0197, 0.0918 0.2623 0.0197, 0.0918 0.2623 0.0236, 0.092 0.3955 0.0236, 0.092 0.3955 0.0197, 0.0965 0.408 0.0236, 0.0965 0.408 0.0197, 0.0975 0.4081 0.0197, 0.0975 0.4081 0.0236, 0.098 0.4081 0.0197, 0.098 0.4081 0.0236, 0.0984 0.4079 0.0197, 0.0984 0.4079 0.0236, 0.0987 0.4077 0.0197, 0.0987 0.4077 0.0236, 0.0989 0.4075 0.0197, 0.0989 0.4075 0.0236, 0.0989 0.4074 0.0197, 0.0989 0.4074 0.0236, 0.099 0.4072 0.0197, 0.099 0.4072 0.0236, 0.099 0.4066 0.0197, 0.099 0.4066 0.0236, 0.099 0.406 0.0197, 0.099 0.406 0.0236, 0.0989 0.4052 0.0197, 0.0989 0.4052 0.0236, 0.0986 0.4041 0.0197, 0.0986 0.4041 0.0236, 0.098 0.4028 0.0197, 0.098 0.4028 0.0236, 0.0968 0.4013 0.0197, 0.0968 0.4013 0.0236, 0.095 0.3991 0.0197, 0.095 0.3991 0.0236, 0.0911 0.4071 0.0236, 0.0911 0.4071 0.0197, 0.0815 0.4066 0.0236, 0.0815 0.4066 0.0197, 0.0863 0.4066 0.0197, 0.0863 0.4066 0.0236, 0.0806 0.4066 0.0236, 0.0806 0.4066 0.0197, 0.0696 0.4074 0.0236, 0.0696 0.4074 0.0197, 0.0751 0.4067 0.0197, 0.0751 0.4067 0.0236, 0.0585 0.4094 0.0236, 0.0585 0.4094 0.0197, 0.0396 0.4151 0.0236, 0.0396 0.4151 0.0197, 0.041 0.4142 0.0197, 0.041 0.4142 0.0236, 0.0488 0.4114 0.0197, 0.0488 0.4114 0.0236, 0.037 0.4168 0.0236, 0.037 0.4168 0.0197, 0.0288 0.4083 0.0236, 0.0288 0.4083 0.0197, 0.0302 0.4038 0.0236, 0.0302 0.4038 0.0197, 0.0295 0.4038 0.0197, 0.0295 0.4038 0.0236, 0.0289 0.404 0.0197, 0.0289 0.404 0.0236, 0.0284 0.4043 0.0197, 0.0284 0.4043 0.0236, 0.0281 0.4046 0.0197, 0.0281 0.4046 0.0236, 0.0279 0.405 0.0197, 0.0279 0.405 0.0236, 0.0277 0.4054 0.0197, 0.0277 0.4054 0.0236, 0.0277 0.4057 0.0197, 0.0277 0.4057 0.0236, 0.0278 0.4062 0.0197, 0.0278 0.4062 0.0236, 0.028 0.4067 0.0197, 0.028 0.4067 0.0236, 0.0283 0.4074 0.0197, 0.0283 0.4074 0.0236, 0.0348 0.4032 0.0236, 0.0348 0.4032 0.0197, 0.0481 0.4015 0.0236, 0.0481 0.4015 0.0197, 0.0414 0.4023 0.0197, 0.0414 0.4023 0.0236, 0.0838 0.3955 0.0236, 0.0838 0.3955 0.0197, 0.1269 0.4125 0.0236, 0.1269 0.4125 0.0197, 0.1311 0.4125 0.0236, 0.1311 0.4125 0.0197, 0.1269 0.3369 0.0236, 0.1269 0.3369 0.0197, 0.1322 0.3369 0.0236, 0.1322 0.3369 0.0197, 0.1572 0.4063 0.0236, 0.1572 0.4063 0.0197, 0.1541 0.4057 0.0197, 0.1541 0.4057 0.0236, 0.1499 0.4041 0.0197, 0.1499 0.4041 0.0236, 0.1454 0.401 0.0197, 0.1454 0.401 0.0236, 0.142 0.397 0.0197, 0.142 0.397 0.0236, 0.1382 0.3897 0.0197, 0.1382 0.3897 0.0236, 0.1346 0.3768 0.0197, 0.1346 0.3768 0.0236, 0.1926 0.3103 0.0236, 0.1926 0.3103 0.0197, 0.1914 0.3559 0.0197, 0.1914 0.3559 0.0236, 0.1891 0.3699 0.0197, 0.1891 0.3699 0.0236, 0.1825 0.3888 0.0197, 0.1825 0.3888 0.0236, 0.1776 0.3965 0.0197, 0.1776 0.3965 0.0236, 0.1729 0.4012 0.0197, 0.1729 0.4012 0.0236, 0.1681 0.4042 0.0197, 0.1681 0.4042 0.0236, 0.1631 0.4059 0.0197, 0.1631 0.4059 0.0236, 0.1594 0.2418 0.0236, 0.1594 0.2418 0.0197, 0.1638 0.2423 0.0197, 0.1638 0.2423 0.0236, 0.1675 0.2435 0.0197, 0.1675 0.2435 0.0236, 0.1712 0.2458 0.0197, 0.1712 0.2458 0.0236, 0.1753 0.2497 0.0197, 0.1753 0.2497 0.0236, 0.1811 0.258 0.0197, 0.1811 0.258 0.0236, 0.1856 0.2698 0.0197, 0.1856 0.2698 0.0236, 0.1286 0.2874 0.0236, 0.1286 0.2874 0.0197, 0.1304 0.2754 0.0197, 0.1304 0.2754 0.0236, 0.1343 0.2592 0.0197, 0.1343 0.2592 0.0236, 0.1379 0.2524 0.0197, 0.1379 0.2524 0.0236, 0.1419 0.248 0.0197, 0.1419 0.248 0.0236, 0.1469 0.2446 0.0197, 0.1469 0.2446 0.0236, 0.153 0.2423 0.0197, 0.153 0.2423 0.0236, 0.1272 0.3024 0.0236, 0.1272 0.3024 0.0197, 0.1226 0.3021 0.0236, 0.1226 0.3021 0.0197, 0.1555 0.2324 0.0236, 0.1555 0.2324 0.0197, 0.1498 0.2333 0.0197, 0.1498 0.2333 0.0236, 0.1431 0.2361 0.0197, 0.1431 0.2361 0.0236, 0.1375 0.2402 0.0197, 0.1375 0.2402 0.0236, 0.1326 0.2463 0.0197, 0.1326 0.2463 0.0236, 0.1281 0.2554 0.0197, 0.1281 0.2554 0.0236, 0.1246 0.2698 0.0197, 0.1246 0.2698 0.0236, 0.1991 0.3542 0.0236, 0.1991 0.3542 0.0197, 0.2004 0.3416 0.0197, 0.2004 0.3416 0.0236, 0.1993 0.2999 0.0197, 0.1993 0.2999 0.0236, 0.1957 0.277 0.0197, 0.1957 0.277 0.0236, 0.1879 0.2541 0.0197, 0.1879 0.2541 0.0236, 0.1818 0.2441 0.0197, 0.1818 0.2441 0.0236, 0.177 0.239 0.0197, 0.177 0.239 0.0236, 0.1713 0.2355 0.0197, 0.1713 0.2355 0.0236, 0.1636 0.2329 0.0197, 0.1636 0.2329 0.0236, 0.1594 0.4156 0.0236, 0.1594 0.4156 0.0197, 0.1633 0.4156 0.0197, 0.1633 0.4156 0.0236, 0.1674 0.4147 0.0197, 0.1674 0.4147 0.0236, 0.1717 0.4127 0.0197, 0.1717 0.4127 0.0236, 0.1793 0.407 0.0197, 0.1793 0.407 0.0236, 0.1853 0.3999 0.0197, 0.1853 0.3999 0.0236, 0.1922 0.3851 0.0197, 0.1922 0.3851 0.0236, 0.1356 0.4004 0.0236, 0.1356 0.4004 0.0197, 0.1388 0.4045 0.0197, 0.1388 0.4045 0.0236, 0.1449 0.4101 0.0197, 0.1449 0.4101 0.0236, 0.1512 0.4135 0.0197, 0.1512 0.4135 0.0236, 0.1331 0.3958 0.0236, 0.1331 0.3958 0.0197, 0.2712 0.4074 0.0236, 0.2712 0.4074 0.0197, 0.2837 0.423 0.0236, 0.2796 0.4179 0.0197, 0.2837 0.423 0.0197, 0.2755 0.3896 0.0236, 0.2755 0.3896 0.0197, 0.2754 0.3931 0.0197, 0.2754 0.3931 0.0236, 0.2743 0.4011 0.0197, 0.2743 0.4011 0.0236, 0.2755 0.2452 0.0236, 0.2755 0.2452 0.0197, 0.2333 0.2537 0.0236, 0.2333 0.2537 0.0197, 0.2345 0.2531 0.0197, 0.2345 0.2531 0.0236, 0.2374 0.2507 0.0197, 0.2374 0.2507 0.0236, 0.2396 0.2495 0.0197, 0.2396 0.2495 0.0236, 0.2433 0.2486 0.0197, 0.2433 0.2486 0.0236, 0.2537 0.247 0.0197, 0.2537 0.247 0.0236, 0.2217 0.241 0.0236, 0.2217 0.241 0.0197, 0.2218 0.242 0.0197, 0.2218 0.242 0.0236, 0.2222 0.2433 0.0197, 0.2222 0.2433 0.0236, 0.2227 0.244 0.0197, 0.2227 0.244 0.0236, 0.2236 0.245 0.0197, 0.2236 0.245 0.0236, 0.2267 0.2478 0.0197, 0.2267 0.2478 0.0236, 0.2613 0.2358 0.0236, 0.2613 0.2358 0.0197, 0.2449 0.2372 0.0197, 0.2449 0.2372 0.0236, 0.24 0.2378 0.0197, 0.24 0.2378 0.0236, 0.2282 0.2394 0.0197, 0.2282 0.2394 0.0236, 0.224 0.2394 0.0197, 0.224 0.2394 0.0236, 0.2235 0.2395 0.0197, 0.2235 0.2395 0.0236, 0.2227 0.2398 0.0197, 0.2227 0.2398 0.0236, 0.2223 0.24 0.0197, 0.2223 0.24 0.0236, 0.222 0.2403 0.0197, 0.222 0.2403 0.0236, 0.2732 0.2347 0.0236, 0.2732 0.2347 0.0197, 0.2798 0.2342 0.0236, 0.2798 0.2342 0.0197, 0.2834 0.2463 0.0236, 0.2834 0.2463 0.0197, 0.2834 0.2459 0.0197, 0.2834 0.2459 0.0236, 0.2843 0.2378 0.0197, 0.2843 0.2378 0.0236, 0.2844 0.2362 0.0197, 0.2844 0.2362 0.0236, 0.2842 0.2355 0.0197, 0.2842 0.2355 0.0236, 0.2838 0.2347 0.0197, 0.2838 0.2347 0.0236, 0.2835 0.2343 0.0197, 0.2835 0.2343 0.0236, 0.2832 0.234 0.0197, 0.2832 0.234 0.0236, 0.2829 0.2339 0.0197, 0.2829 0.2339 0.0236, 0.2824 0.2337 0.0197, 0.2824 0.2337 0.0236, 0.2817 0.2337 0.0197, 0.2817 0.2337 0.0236, 0.2829 0.263 0.0236, 0.2829 0.263 0.0197, 0.2829 0.3905 0.0236, 0.2829 0.3905 0.0197, 0.2851 0.4179 0.0236, 0.2851 0.4179 0.0197, 0.2831 0.4043 0.0197, 0.2831 0.4043 0.0236, 0.2857 0.4207 0.0236, 0.2857 0.4207 0.0197
            ]
        }
        coordIndex [
            0,1,2,-1,2,1,3,-1,4,5,0,-1,0,5,1,-1,6,7,4,-1,4,7,5,-1,8,9,10,-1,8,10,11,-1,11,10,12,-1,11,12,13,-1,13,12,14,-1,13,14,15,-1,15,14,16,-1,15,16,17,-1,17,16,18,-1,17,18,19,-1,19,18,20,-1,19,20,21,-1,21,20,22,-1,21,22,23,-1,23,22,24,-1,23,24,25,-1,25,24,26,-1,25,26,27,-1,27,26,28,-1,27,28,29,-1,29,28,30,-1,29,30,31,-1,31,30,32,-1,31,32,33,-1,33,32,34,-1,33,34,35,-1,35,34,36,-1,35,36,37,-1,37,36,7,-1,37,7,6,-1,38,39,8,-1,8,39,9,-1,40,41,42,-1,40,42,43,-1,43,42,44,-1,43,44,45,-1,45,44,46,-1,45,46,47,-1,47,46,39,-1,47,39,38,-1,48,49,40,-1,40,49,41,-1,50,51,52,-1,50,52,53,-1,53,52,49,-1,53,49,48,-1,51,50,54,-1,54,50,55,-1,54,55,56,-1,57,58,55,-1,55,58,56,-1,58,57,59,-1,59,57,60,-1,59,60,61,-1,62,63,60,-1,60,63,61,-1,64,65,66,-1,64,66,67,-1,67,66,63,-1,67,63,62,-1,68,69,64,-1,64,69,65,-1,70,71,72,-1,70,72,73,-1,73,72,74,-1,73,74,75,-1,75,74,76,-1,75,76,77,-1,77,76,78,-1,77,78,79,-1,79,78,80,-1,79,80,81,-1,81,80,82,-1,81,82,83,-1,83,82,84,-1,83,84,85,-1,85,84,86,-1,85,86,87,-1,87,86,69,-1,87,69,68,-1,88,89,70,-1,70,89,71,-1,90,91,88,-1,88,91,89,-1,92,93,94,-1,92,94,95,-1,95,94,96,-1,95,96,97,-1,97,96,98,-1,97,98,99,-1,99,98,100,-1,99,100,101,-1,101,100,102,-1,101,102,103,-1,103,102,104,-1,103,104,105,-1,105,104,106,-1,105,106,107,-1,107,106,108,-1,107,108,109,-1,109,108,110,-1,109,110,111,-1,111,110,112,-1,111,112,113,-1,113,112,114,-1,113,114,115,-1,115,114,116,-1,115,116,117,-1,117,116,118,-1,117,118,119,-1,119,118,120,-1,119,120,121,-1,121,120,122,-1,121,122,123,-1,123,122,91,-1,123,91,90,-1,124,125,92,-1,92,125,93,-1,126,127,124,-1,124,127,125,-1,126,2,127,-1,127,2,3,-1,128,55,129,-1,129,55,50,-1,126,130,131,-1,85,87,124,-1,124,87,68,-1,131,132,126,-1,126,132,133,-1,126,133,2,-1,2,133,134,-1,53,0,50,-1,50,0,2,-1,50,2,129,-1,129,2,134,-1,68,64,124,-1,124,64,67,-1,124,67,126,-1,126,67,62,-1,126,62,130,-1,130,62,60,-1,130,60,128,-1,128,60,57,-1,128,57,55,-1,0,38,4,-1,4,38,8,-1,4,8,6,-1,6,8,11,-1,6,11,37,-1,121,92,119,-1,119,92,95,-1,119,95,117,-1,70,73,124,-1,124,73,75,-1,124,75,85,-1,85,75,77,-1,53,48,0,-1,0,48,40,-1,0,40,43,-1,37,11,35,-1,35,11,13,-1,35,13,33,-1,79,81,77,-1,77,81,83,-1,77,83,85,-1,43,45,0,-1,0,45,47,-1,0,47,38,-1,29,31,17,-1,121,123,92,-1,92,123,90,-1,92,90,124,-1,124,90,88,-1,124,88,70,-1,33,13,31,-1,31,13,15,-1,31,15,17,-1,99,101,115,-1,117,95,115,-1,115,95,97,-1,115,97,99,-1,111,105,109,-1,109,105,107,-1,101,103,115,-1,115,103,105,-1,115,105,113,-1,113,105,111,-1,29,17,27,-1,27,17,19,-1,27,19,25,-1,25,19,21,-1,25,21,23,-1,129,135,128,-1,128,135,136,-1,132,137,138,-1,132,138,133,-1,133,138,139,-1,133,139,134,-1,134,139,135,-1,134,135,129,-1,131,140,132,-1,132,140,137,-1,130,141,131,-1,131,141,140,-1,136,141,128,-1,128,141,130,-1,142,143,144,-1,144,143,145,-1,146,147,148,-1,146,148,149,-1,149,148,150,-1,149,150,151,-1,151,150,152,-1,151,152,153,-1,153,152,154,-1,153,154,155,-1,155,154,156,-1,155,156,157,-1,157,156,158,-1,157,158,159,-1,159,158,160,-1,159,160,161,-1,161,160,162,-1,161,162,163,-1,163,162,143,-1,163,143,142,-1,164,165,146,-1,146,165,147,-1,166,167,164,-1,164,167,165,-1,168,169,170,-1,168,170,171,-1,171,170,167,-1,171,167,166,-1,172,173,168,-1,168,173,169,-1,174,175,172,-1,172,175,173,-1,176,177,178,-1,176,178,179,-1,179,178,175,-1,179,175,174,-1,180,181,182,-1,180,182,183,-1,183,182,184,-1,183,184,185,-1,185,184,186,-1,185,186,187,-1,187,186,188,-1,187,188,189,-1,189,188,190,-1,189,190,191,-1,191,190,192,-1,191,192,193,-1,193,192,194,-1,193,194,195,-1,195,194,177,-1,195,177,176,-1,196,197,198,-1,196,198,199,-1,199,198,200,-1,199,200,201,-1,201,200,202,-1,201,202,203,-1,203,202,204,-1,203,204,205,-1,205,204,206,-1,205,206,207,-1,207,206,208,-1,207,208,209,-1,209,208,210,-1,209,210,211,-1,211,210,181,-1,211,181,180,-1,212,213,196,-1,196,213,197,-1,214,215,216,-1,214,216,217,-1,217,216,218,-1,217,218,219,-1,219,218,220,-1,219,220,221,-1,221,220,213,-1,221,213,212,-1,222,223,224,-1,222,224,225,-1,225,224,226,-1,225,226,227,-1,227,226,228,-1,227,228,229,-1,229,228,230,-1,229,230,231,-1,231,230,215,-1,231,215,214,-1,232,233,222,-1,222,233,223,-1,234,235,236,-1,234,236,237,-1,237,236,238,-1,237,238,239,-1,239,238,240,-1,239,240,241,-1,241,240,242,-1,241,242,243,-1,243,242,244,-1,243,244,245,-1,245,244,246,-1,245,246,247,-1,247,246,248,-1,247,248,249,-1,249,248,250,-1,249,250,251,-1,251,250,252,-1,251,252,253,-1,253,252,254,-1,253,254,255,-1,255,254,256,-1,255,256,257,-1,257,256,258,-1,257,258,259,-1,259,258,260,-1,259,260,261,-1,261,260,262,-1,261,262,263,-1,263,262,233,-1,263,233,232,-1,264,265,234,-1,234,265,235,-1,266,267,264,-1,264,267,265,-1,268,269,266,-1,266,269,267,-1,144,145,270,-1,144,270,271,-1,271,270,269,-1,271,269,268,-1,166,164,272,-1,163,142,164,-1,264,234,232,-1,259,261,234,-1,234,261,263,-1,234,263,232,-1,221,266,219,-1,219,266,264,-1,199,201,273,-1,273,201,203,-1,273,203,274,-1,274,203,205,-1,274,205,275,-1,275,205,207,-1,275,207,276,-1,276,207,277,-1,221,212,266,-1,266,212,278,-1,266,278,268,-1,268,278,272,-1,268,272,271,-1,271,272,164,-1,271,164,144,-1,144,164,142,-1,279,280,174,-1,174,280,179,-1,179,280,281,-1,179,281,176,-1,231,214,217,-1,174,172,279,-1,279,172,168,-1,279,168,272,-1,272,168,171,-1,272,171,166,-1,176,281,195,-1,195,281,282,-1,195,282,193,-1,273,283,199,-1,199,283,284,-1,199,284,196,-1,196,284,285,-1,196,285,212,-1,212,285,286,-1,212,286,278,-1,207,209,277,-1,277,209,211,-1,277,211,287,-1,287,211,180,-1,287,180,288,-1,288,180,183,-1,288,183,289,-1,289,183,185,-1,232,222,264,-1,264,222,225,-1,264,225,219,-1,219,225,227,-1,219,227,217,-1,217,227,229,-1,217,229,231,-1,253,255,234,-1,234,255,257,-1,234,257,259,-1,164,146,163,-1,163,146,149,-1,163,149,161,-1,161,149,151,-1,193,282,191,-1,191,282,290,-1,191,290,189,-1,189,290,291,-1,189,291,187,-1,187,291,292,-1,187,292,185,-1,185,292,293,-1,185,293,289,-1,237,239,249,-1,249,239,241,-1,249,241,247,-1,247,241,243,-1,247,243,245,-1,151,153,161,-1,161,153,155,-1,161,155,159,-1,159,155,157,-1,237,249,234,-1,234,249,251,-1,234,251,253,-1,284,294,285,-1,285,294,295,-1,288,296,297,-1,288,297,287,-1,287,297,298,-1,287,298,277,-1,277,298,299,-1,277,299,276,-1,276,299,300,-1,276,300,275,-1,275,300,301,-1,275,301,274,-1,274,301,302,-1,274,302,273,-1,273,302,303,-1,273,303,283,-1,283,303,294,-1,283,294,284,-1,281,304,305,-1,281,305,282,-1,282,305,306,-1,282,306,290,-1,290,306,307,-1,290,307,291,-1,291,307,308,-1,291,308,292,-1,292,308,309,-1,292,309,293,-1,293,309,310,-1,293,310,289,-1,289,310,296,-1,289,296,288,-1,279,311,312,-1,279,312,280,-1,280,312,304,-1,280,304,281,-1,272,313,279,-1,279,313,311,-1,278,314,272,-1,272,314,313,-1,285,295,315,-1,285,315,286,-1,286,315,314,-1,286,314,278,-1,316,317,318,-1,318,317,319,-1,320,321,322,-1,320,322,323,-1,323,322,324,-1,323,324,325,-1,325,324,317,-1,325,317,316,-1,326,327,320,-1,320,327,321,-1,328,329,326,-1,326,329,327,-1,330,331,332,-1,330,332,333,-1,333,332,334,-1,333,334,335,-1,335,334,336,-1,335,336,337,-1,337,336,338,-1,337,338,339,-1,339,338,340,-1,339,340,341,-1,341,340,342,-1,341,342,343,-1,343,342,344,-1,343,344,345,-1,345,344,346,-1,345,346,347,-1,347,346,348,-1,347,348,349,-1,349,348,350,-1,349,350,351,-1,351,350,329,-1,351,329,328,-1,352,353,330,-1,330,353,331,-1,354,355,352,-1,352,355,353,-1,356,357,354,-1,354,357,355,-1,358,359,360,-1,358,360,361,-1,361,360,357,-1,361,357,356,-1,362,363,358,-1,358,363,359,-1,364,365,362,-1,362,365,363,-1,366,367,368,-1,366,368,369,-1,369,368,370,-1,369,370,371,-1,371,370,372,-1,371,372,373,-1,373,372,374,-1,373,374,375,-1,375,374,376,-1,375,376,377,-1,377,376,378,-1,377,378,379,-1,379,378,380,-1,379,380,381,-1,381,380,382,-1,381,382,383,-1,383,382,384,-1,383,384,385,-1,385,384,386,-1,385,386,387,-1,387,386,365,-1,387,365,364,-1,388,389,366,-1,366,389,367,-1,390,391,392,-1,390,392,393,-1,393,392,389,-1,393,389,388,-1,394,395,390,-1,390,395,391,-1,396,397,398,-1,396,398,399,-1,399,398,400,-1,399,400,401,-1,401,400,402,-1,401,402,403,-1,403,402,404,-1,403,404,405,-1,405,404,406,-1,405,406,407,-1,407,406,408,-1,407,408,409,-1,409,408,410,-1,409,410,411,-1,411,410,412,-1,411,412,413,-1,413,412,414,-1,413,414,415,-1,415,414,416,-1,415,416,417,-1,417,416,395,-1,417,395,394,-1,418,419,420,-1,418,420,421,-1,421,420,397,-1,421,397,396,-1,422,423,418,-1,418,423,419,-1,424,425,426,-1,424,426,427,-1,427,426,423,-1,427,423,422,-1,428,429,424,-1,424,429,425,-1,430,431,432,-1,430,432,433,-1,433,432,434,-1,433,434,435,-1,435,434,436,-1,435,436,437,-1,437,436,438,-1,437,438,439,-1,439,438,440,-1,439,440,441,-1,441,440,442,-1,441,442,443,-1,443,442,444,-1,443,444,445,-1,445,444,446,-1,445,446,447,-1,447,446,448,-1,447,448,449,-1,449,448,450,-1,449,450,451,-1,451,450,452,-1,451,452,453,-1,453,452,454,-1,453,454,455,-1,455,454,456,-1,455,456,457,-1,457,456,458,-1,457,458,459,-1,459,458,429,-1,459,429,428,-1,460,461,430,-1,430,461,431,-1,462,463,464,-1,462,464,465,-1,465,464,461,-1,465,461,460,-1,466,467,462,-1,462,467,463,-1,468,469,470,-1,468,470,471,-1,471,470,467,-1,471,467,466,-1,472,473,468,-1,468,473,469,-1,474,475,476,-1,474,476,477,-1,477,476,478,-1,477,478,479,-1,479,478,473,-1,479,473,472,-1,480,481,474,-1,474,481,475,-1,482,483,480,-1,480,483,481,-1,484,485,486,-1,484,486,487,-1,487,486,488,-1,487,488,489,-1,489,488,490,-1,489,490,491,-1,491,490,492,-1,491,492,493,-1,493,492,494,-1,493,494,495,-1,495,494,496,-1,495,496,497,-1,497,496,498,-1,497,498,499,-1,499,498,500,-1,499,500,501,-1,501,500,502,-1,501,502,503,-1,503,502,504,-1,503,504,505,-1,505,504,483,-1,505,483,482,-1,506,507,484,-1,484,507,485,-1,508,509,510,-1,508,510,511,-1,511,510,507,-1,511,507,506,-1,512,513,508,-1,508,513,509,-1,512,318,513,-1,513,318,319,-1,358,361,388,-1,388,361,356,-1,411,413,354,-1,354,413,415,-1,354,415,417,-1,399,354,396,-1,396,354,421,-1,455,457,512,-1,377,379,364,-1,417,394,354,-1,354,394,390,-1,354,390,356,-1,356,390,393,-1,356,393,388,-1,424,427,354,-1,427,422,354,-1,354,422,418,-1,354,418,421,-1,399,401,354,-1,354,401,403,-1,354,403,405,-1,318,352,316,-1,316,352,330,-1,316,330,325,-1,325,330,323,-1,503,505,484,-1,484,505,482,-1,457,459,512,-1,512,459,428,-1,512,428,318,-1,318,428,424,-1,318,424,352,-1,352,424,354,-1,323,330,320,-1,320,330,328,-1,320,328,326,-1,358,388,362,-1,362,388,366,-1,362,366,364,-1,364,366,369,-1,364,369,371,-1,379,381,383,-1,405,407,354,-1,354,407,409,-1,354,409,411,-1,439,441,512,-1,512,441,443,-1,449,451,512,-1,512,451,453,-1,512,453,455,-1,482,480,484,-1,484,480,474,-1,484,474,506,-1,506,474,477,-1,506,477,511,-1,511,477,479,-1,511,479,508,-1,508,479,472,-1,508,472,512,-1,512,472,468,-1,512,468,471,-1,471,466,512,-1,512,466,462,-1,512,462,465,-1,383,385,379,-1,379,385,387,-1,379,387,364,-1,333,349,330,-1,330,349,351,-1,330,351,328,-1,443,445,512,-1,512,445,447,-1,512,447,449,-1,491,493,501,-1,465,460,512,-1,512,460,430,-1,512,430,433,-1,371,373,364,-1,364,373,375,-1,364,375,377,-1,333,335,349,-1,349,335,337,-1,349,337,347,-1,347,337,339,-1,339,341,347,-1,347,341,343,-1,347,343,345,-1,491,501,489,-1,433,435,512,-1,512,435,437,-1,512,437,439,-1,503,484,501,-1,501,484,487,-1,501,487,489,-1,493,495,501,-1,501,495,497,-1,501,497,499,-1,514,515,516,-1,516,515,517,-1,518,519,514,-1,514,519,515,-1,520,521,518,-1,518,521,519,-1,522,523,524,-1,522,524,525,-1,525,524,526,-1,525,526,527,-1,527,526,528,-1,527,528,529,-1,529,528,530,-1,529,530,531,-1,531,530,532,-1,531,532,533,-1,533,532,534,-1,533,534,535,-1,535,534,521,-1,535,521,520,-1,536,537,538,-1,536,538,539,-1,539,538,540,-1,539,540,541,-1,541,540,542,-1,541,542,543,-1,543,542,544,-1,543,544,545,-1,545,544,546,-1,545,546,547,-1,547,546,548,-1,547,548,549,-1,549,548,550,-1,549,550,551,-1,551,550,523,-1,551,523,522,-1,552,553,554,-1,552,554,555,-1,555,554,556,-1,555,556,557,-1,557,556,558,-1,557,558,559,-1,559,558,560,-1,559,560,561,-1,561,560,562,-1,561,562,563,-1,563,562,564,-1,563,564,565,-1,565,564,537,-1,565,537,536,-1,566,567,568,-1,566,568,569,-1,569,568,570,-1,569,570,571,-1,571,570,572,-1,571,572,573,-1,573,572,574,-1,573,574,575,-1,575,574,576,-1,575,576,577,-1,577,576,578,-1,577,578,579,-1,579,578,553,-1,579,553,552,-1,580,581,566,-1,566,581,567,-1,582,583,580,-1,580,583,581,-1,584,585,586,-1,584,586,587,-1,587,586,588,-1,587,588,589,-1,589,588,590,-1,589,590,591,-1,591,590,592,-1,591,592,593,-1,593,592,594,-1,593,594,595,-1,595,594,596,-1,595,596,597,-1,597,596,583,-1,597,583,582,-1,598,599,600,-1,598,600,601,-1,601,600,602,-1,601,602,603,-1,603,602,604,-1,603,604,605,-1,605,604,606,-1,605,606,607,-1,607,606,608,-1,607,608,609,-1,609,608,610,-1,609,610,611,-1,611,610,612,-1,611,612,613,-1,613,612,614,-1,613,614,615,-1,615,614,585,-1,615,585,584,-1,616,617,618,-1,616,618,619,-1,619,618,620,-1,619,620,621,-1,621,620,622,-1,621,622,623,-1,623,622,624,-1,623,624,625,-1,625,624,626,-1,625,626,627,-1,627,626,628,-1,627,628,629,-1,629,628,599,-1,629,599,598,-1,630,631,632,-1,630,632,633,-1,633,632,634,-1,633,634,635,-1,635,634,636,-1,635,636,637,-1,637,636,617,-1,637,617,616,-1,638,639,630,-1,630,639,631,-1,638,516,639,-1,639,516,517,-1,518,514,638,-1,638,514,516,-1,597,582,580,-1,520,518,535,-1,535,518,638,-1,535,638,533,-1,533,638,531,-1,630,527,638,-1,638,527,529,-1,638,529,531,-1,630,633,527,-1,527,633,635,-1,527,635,525,-1,525,635,637,-1,525,637,522,-1,522,637,616,-1,522,616,551,-1,539,541,629,-1,629,541,543,-1,629,543,627,-1,627,543,545,-1,627,545,625,-1,625,545,547,-1,625,547,623,-1,623,547,549,-1,623,549,621,-1,621,549,551,-1,621,551,619,-1,619,551,616,-1,580,566,597,-1,597,566,569,-1,597,569,595,-1,595,569,571,-1,595,571,593,-1,593,571,573,-1,593,573,591,-1,591,573,575,-1,591,575,589,-1,589,575,577,-1,589,577,587,-1,587,577,579,-1,587,579,584,-1,584,579,552,-1,584,552,615,-1,615,552,555,-1,615,555,613,-1,613,555,557,-1,613,557,611,-1,611,557,559,-1,611,559,609,-1,609,559,561,-1,609,561,607,-1,607,561,563,-1,607,563,605,-1,605,563,565,-1,605,565,603,-1,603,565,536,-1,603,536,601,-1,601,536,539,-1,601,539,598,-1,598,539,629,-1,640,641,642,-1,642,641,643,-1,642,643,644,-1,645,646,647,-1,645,647,648,-1,648,647,649,-1,648,649,650,-1,650,649,641,-1,650,641,640,-1,651,652,645,-1,645,652,646,-1,653,654,655,-1,653,655,656,-1,656,655,657,-1,656,657,658,-1,658,657,659,-1,658,659,660,-1,660,659,661,-1,660,661,662,-1,662,661,663,-1,662,663,664,-1,664,663,652,-1,664,652,651,-1,665,666,667,-1,665,667,668,-1,668,667,669,-1,668,669,670,-1,670,669,671,-1,670,671,672,-1,672,671,673,-1,672,673,674,-1,674,673,675,-1,674,675,676,-1,676,675,654,-1,676,654,653,-1,677,678,679,-1,677,679,680,-1,680,679,681,-1,680,681,682,-1,682,681,683,-1,682,683,684,-1,684,683,685,-1,684,685,686,-1,686,685,687,-1,686,687,688,-1,688,687,689,-1,688,689,690,-1,690,689,691,-1,690,691,692,-1,692,691,693,-1,692,693,694,-1,694,693,666,-1,694,666,665,-1,695,696,677,-1,677,696,678,-1,697,698,695,-1,695,698,696,-1,699,700,701,-1,699,701,702,-1,702,701,703,-1,702,703,704,-1,704,703,705,-1,704,705,706,-1,706,705,707,-1,706,707,708,-1,708,707,709,-1,708,709,710,-1,710,709,711,-1,710,711,712,-1,712,711,713,-1,712,713,714,-1,714,713,715,-1,714,715,716,-1,716,715,717,-1,716,717,718,-1,718,717,719,-1,718,719,720,-1,720,719,698,-1,720,698,697,-1,721,722,699,-1,699,722,700,-1,723,724,721,-1,721,724,722,-1,725,726,727,-1,725,727,728,-1,728,727,724,-1,728,724,723,-1,729,730,725,-1,725,730,726,-1,729,642,730,-1,730,642,644,-1,674,676,684,-1,682,684,658,-1,651,710,712,-1,676,653,684,-1,684,653,656,-1,684,656,658,-1,658,660,682,-1,682,660,662,-1,682,662,680,-1,680,662,664,-1,723,721,651,-1,721,699,651,-1,651,699,702,-1,651,702,704,-1,651,718,720,-1,642,729,640,-1,640,729,725,-1,640,725,650,-1,650,725,728,-1,650,728,648,-1,648,728,723,-1,648,723,645,-1,645,723,651,-1,704,706,651,-1,651,706,708,-1,651,708,710,-1,668,670,684,-1,684,670,672,-1,684,672,674,-1,712,714,651,-1,651,714,716,-1,651,716,718,-1,720,697,651,-1,651,697,695,-1,651,695,664,-1,664,695,677,-1,664,677,680,-1,684,686,668,-1,668,686,688,-1,668,688,690,-1,690,692,668,-1,668,692,694,-1,668,694,665,-1,
        ]
    }
}
Shape{
    appearance Appearance {
        material  Material 	{
            diffuseColor 0.6784313725490196 0.6784313725490196 0.6784313725490196
            specularColor 0.047058823529411764 0.047058823529411764 0.047058823529411764
            ambientIntensity 0.9686
            transparency 0.0
            shininess 0.5
        }
    }
    geometry IndexedFaceSet {
        ccw TRUE
        solid FALSE
        coord DEF co Coordinate {
            point [
                -0.1542 0.3197 0.0197, -0.1619 0.3123 0.0197, -0.1438 0.3918 0.0197, -0.1253 0.3086 0.0197, -0.1365 0.3109 0.0197, -0.1445 0.3135 0.0197, -0.1472 0.3148 0.0197, -0.0354 0.402 0.0197, -0.0233 0.3992 0.0197, -0.0763 0.3397 0.0197, -0.018 0.397 0.0197, -0.018 0.2472 0.0197, -0.0223 0.247 0.0197, -0.0267 0.2472 0.0197, -0.0477 0.4029 0.0197, -0.0392 0.2486 0.0197, -0.0479 0.2497 0.0197, -0.0542 0.2513 0.0197, -0.0547 0.4016 0.0197, -0.073 0.3782 0.0197, -0.0705 0.3868 0.0197, -0.0588 0.2534 0.0197, -0.0622 0.2561 0.0197, -0.0655 0.2602 0.0197, -0.0673 0.3929 0.0197, -0.0636 0.3972 0.0197, -0.0604 0.3995 0.0197, -0.0714 0.2736 0.0197, -0.076 0.3023 0.0197
            ]
        }
        coordIndex [
            0,1,2,-1,2,3,4,-1,4,5,2,-1,2,5,6,-1,2,6,0,-1,7,8,9,-1,10,11,8,-1,8,11,12,-1,8,12,13,-1,7,9,14,-1,13,15,8,-1,8,15,16,-1,8,16,17,-1,14,9,18,-1,18,9,19,-1,18,19,20,-1,17,21,8,-1,8,21,22,-1,8,22,23,-1,20,24,18,-1,18,24,25,-1,18,25,26,-1,23,27,8,-1,8,27,28,-1,8,28,9,-1,
        ]
    }
}