#VRML V2.0 utf8
# 3D model generated by easyeda2kicad.py (https://github.com/uPesy/easyeda2kicad.py)

Shape{
    appearance Appearance {
        material  Material 	{
            diffuseColor 1.0 1.0 1.0
            specularColor 0.5019607843137255 0.5019607843137255 0.5019607843137255
            ambientIntensity 1.0
            transparency 0.0
            shininess 0.5
        }
    }
    geometry IndexedFaceSet {
        ccw TRUE
        solid FALSE
        coord DEF co Coordinate {
            point [
                0.9503 -0.2976 0.0787, 0.9503 -0.6126 0.0787, 0.9503 -0.2976 0.0, 0.9503 -0.6126 0.0, 0.7141 -0.2976 0.0787, 0.7141 -0.2976 0.0, 0.7141 -0.6126 0.0787, 0.7141 -0.6126 0.0, -0.7033 -0.2976 0.0787, -0.7033 -0.6126 0.0787, -0.7033 -0.2976 0.0, -0.7033 -0.6126 0.0, -0.9395 -0.2976 0.0787, -0.9395 -0.2976 0.0, -0.9395 -0.6126 0.0787, -0.9395 -0.6126 0.0
            ]
        }
        coordIndex [
            0,1,2,-1,2,1,3,-1,4,0,5,-1,5,0,2,-1,6,4,7,-1,7,4,5,-1,1,6,3,-1,3,6,7,-1,4,6,0,-1,0,6,1,-1,7,5,3,-1,3,5,2,-1,8,9,10,-1,10,9,11,-1,12,8,13,-1,13,8,10,-1,14,12,15,-1,15,12,13,-1,9,14,11,-1,11,14,15,-1,12,14,8,-1,8,14,9,-1,15,13,11,-1,11,13,10,-1,
        ]
    }
}
Shape{
    appearance Appearance {
        material  Material 	{
            diffuseColor 0.9647058823529412 1.0 0.4980392156862745
            specularColor 0.4823529411764706 0.5019607843137255 0.25098039215686274
            ambientIntensity 0.9322
            transparency 0.0
            shininess 0.5
        }
    }
    geometry IndexedFaceSet {
        ccw TRUE
        solid FALSE
        coord DEF co Coordinate {
            point [
                -0.4791 -0.4158 1.0413, -0.4788 -0.4158 1.0402, -0.4501 -0.4158 1.0402, -0.4407 -0.4158 0.8513, -0.4407 -0.4158 0.851, -0.2681 -0.4158 0.851, 0.0225 -0.4158 0.6448, 0.0257 -0.4158 0.6435, 0.0938 -0.4158 0.6435, -1.2513 -0.4158 1.0479, -1.2513 -0.4158 1.0402, -1.0053 -0.4158 1.0402, -0.6836 -0.4158 0.0787, -0.6836 -0.4158 0.0, -0.5311 -0.4158 0.0, -0.9003 -0.4158 1.0119, -0.8594 -0.4158 0.8754, -0.8581 -0.4158 0.876, -0.9085 -0.4158 1.0453, -0.9044 -0.4158 1.0402, -0.8365 -0.4158 1.0402, -0.8961 -0.4158 1.0297, -0.898 -0.4158 0.857, -0.9046 -0.4158 0.8565, -0.9066 -0.4158 0.856, -0.9003 -0.4158 0.8675, -0.8785 -0.4158 0.8693, -0.8681 -0.4158 0.8709, -0.8991 -0.4158 1.0234, -0.9002 -0.4158 1.0154, -0.8484 -0.4158 0.8673, -0.8475 -0.4158 0.8663, -0.847 -0.4158 0.8655, -0.8365 -0.4158 0.855, -0.8467 -0.4158 0.8643, -0.8465 -0.4158 0.8633, -0.9077 -0.4158 0.8561, -0.908 -0.4158 0.8563, -1.0053 -0.4158 0.855, -0.8515 -0.4158 0.8701, -0.8469 -0.4158 0.8626, -0.8471 -0.4158 0.8623, -0.8475 -0.4158 0.8621, -0.9091 -0.4158 0.8578, -0.9092 -0.4158 0.8584, -0.9091 -0.4158 0.8601, -0.8644 -0.4158 0.8718, -0.8623 -0.4158 0.8729, -0.9083 -0.4158 0.8566, -0.9087 -0.4158 0.857, -0.9077 -0.4158 0.8853, -0.9077 -0.4158 1.0127, -0.9079 -0.4158 1.0266, -0.8483 -0.4158 0.8618, -0.8489 -0.4158 0.8617, -0.853 -0.4158 0.8617, -0.9083 -0.4158 0.8682, -0.9082 -0.4158 0.8686, -0.8648 -0.4158 0.8601, -0.8697 -0.4158 0.8595, -0.8862 -0.4158 0.8581, -0.9073 -0.4158 0.856, -0.91 -0.4158 1.0402, -0.9105 -0.4158 1.043, -0.7577 -0.4158 0.8682, -0.7625 -0.4158 0.8623, -0.7356 -0.4158 0.855, -0.7688 -0.4158 0.8579, -0.7356 -0.4158 1.0402, -0.7517 -0.4158 1.0348, -0.7517 -0.4158 0.9592, -0.7559 -0.4158 1.0348, -0.7884 -0.4158 0.8551, -0.7961 -0.4158 0.8578, -0.752 -0.4158 0.9247, -0.8139 -0.4158 0.9922, -0.8163 -0.4158 0.9782, -0.7475 -0.4158 0.9244, -0.7496 -0.4158 0.8905, -0.7531 -0.4158 0.8773, -0.7697 -0.4158 1.0323, -0.7636 -0.4158 1.0268, -0.7605 -0.4158 1.0226, -0.7579 -0.4158 1.0181, -0.8001 -0.4158 0.872, -0.796 -0.4158 0.8681, -0.7552 -0.4158 0.8977, -0.8059 -0.4158 0.8803, -0.7842 -0.4158 0.8641, -0.7591 -0.4158 0.8815, -0.7628 -0.4158 0.8747, -0.782 -0.4158 1.0286, -0.7879 -0.4158 1.0282, -0.7929 -0.4158 1.0265, -0.779 -0.4158 1.028, -0.8073 -0.4158 1.0111, -0.8024 -0.4158 1.0188, -0.817 -0.4158 1.0074, -0.8101 -0.4158 1.0222, -0.8041 -0.4158 1.0293, -0.7965 -0.4158 1.035, -0.7534 -0.4158 0.9097, -0.8174 -0.4158 0.9326, -0.8104 -0.4158 0.8921, -0.7923 -0.4158 0.8658, -0.7887 -0.4158 0.8646, -0.7778 -0.4158 0.8646, -0.7717 -0.4158 0.8669, -0.7668 -0.4158 0.8703, -0.7595 -0.4158 0.9991, -0.763 -0.4158 1.012, -0.7668 -0.4158 1.0193, -0.7977 -0.4158 1.0235, -0.8018 -0.4158 0.8613, -0.8067 -0.4158 0.8664, -0.8127 -0.4158 0.8764, -0.7923 -0.4158 1.037, -0.7882 -0.4158 1.0379, -0.7842 -0.4158 1.0379, -0.7703 -0.4158 1.0233, -0.7747 -0.4158 1.0264, -0.8205 -0.4158 0.8993, -0.8241 -0.4158 0.9221, -0.8239 -0.4158 0.9765, -0.7756 -0.4158 0.8554, -0.7781 -0.4158 0.855, -0.7356 -0.4158 0.851, -0.7803 -0.4158 0.8547, -0.8365 -0.4158 0.851, -0.7861 -0.4158 0.855, -0.6618 -0.4158 1.039, -0.5311 -0.4158 1.0402, -0.647 -0.4158 0.8687, -0.6468 -0.4158 0.8681, -0.6148 -0.4158 1.0173, -0.6472 -0.4158 0.8693, -0.7234 -0.4158 1.0264, -0.7237 -0.4158 1.0275, -0.7086 -0.4158 0.9555, -0.6848 -0.4158 0.9586, -0.7086 -0.4158 1.0178, -0.675 -0.4158 0.9606, -0.6633 -0.4158 0.966, -0.655 -0.4158 1.026, -0.6596 -0.4158 1.0255, -0.6255 -0.4158 1.0253, -0.6259 -0.4158 1.026, -0.6559 -0.4158 0.8791, -0.6262 -0.4158 1.0269, -0.6262 -0.4158 1.0277, -0.626 -0.4158 0.8675, -0.6259 -0.4158 0.8677, -0.717 -0.4158 0.8557, -0.7178 -0.4158 0.856, -0.6148 -0.4158 0.8689, -0.6233 -0.4158 0.8689, -0.6244 -0.4158 0.869, -0.7185 -0.4158 0.8565, -0.7189 -0.4158 0.8571, -0.7193 -0.4158 0.8578, -0.7238 -0.4158 1.0295, -0.7238 -0.4158 1.0297, -0.7237 -0.4158 1.0298, -0.7235 -0.4158 1.03, -0.6687 -0.4158 0.9629, -0.6658 -0.4158 0.9646, -0.6729 -0.4158 1.0238, -0.6662 -0.4158 1.0246, -0.5712 -0.4158 1.0345, -0.5646 -0.4158 1.0329, -0.5597 -0.4158 1.0303, -0.7571 -0.4158 0.9592, -0.7238 -0.4158 1.0283, -0.7238 -0.4158 1.0289, -0.7232 -0.4158 1.0302, -0.7228 -0.4158 1.0304, -0.7223 -0.4158 1.0304, -0.5554 -0.4158 1.0267, -0.5509 -0.4158 1.0205, -0.5468 -0.4158 1.0106, -0.6257 -0.4158 0.8683, -0.6256 -0.4158 0.8685, -0.6254 -0.4158 0.8687, -0.6253 -0.4158 0.8688, -0.625 -0.4158 0.8689, -0.625 -0.4158 0.869, -0.7213 -0.4158 1.0303, -0.716 -0.4158 1.0294, -0.7111 -0.4158 1.0289, -0.6544 -0.4158 0.957, -0.6541 -0.4158 0.9564, -0.6543 -0.4158 1.0261, -0.6539 -0.4158 0.9557, -0.6537 -0.4158 1.0263, -0.6538 -0.4158 0.9552, -0.6532 -0.4158 1.0266, -0.6167 -0.4158 1.0182, -0.6185 -0.4158 1.0193, -0.7195 -0.4158 0.859, -0.7194 -0.4158 0.8612, -0.7194 -0.4158 0.8612, -0.6551 -0.4158 0.9532, -0.6548 -0.4158 0.9534, -0.6543 -0.4158 0.9538, -0.58 -0.4158 1.0351, -0.5862 -0.4158 1.0346, -0.5489 -0.4158 0.885, -0.5547 -0.4158 0.8746, -0.5311 -0.4158 0.855, -0.5595 -0.4158 0.8688, -0.5643 -0.4158 0.8651, -0.6235 -0.4158 1.0235, -0.6247 -0.4158 1.0244, -0.626 -0.4158 0.8672, -0.6469 -0.4158 0.8676, -0.6259 -0.4158 0.8669, -0.647 -0.4158 0.867, -0.6473 -0.4158 0.8665, -0.6143 -0.4158 0.855, -0.6475 -0.4158 0.8663, -0.6477 -0.4158 0.8661, -0.7063 -0.4158 1.0289, -0.7055 -0.4158 1.0289, -0.6999 -0.4158 1.029, -0.6944 -0.4158 1.0297, -0.6834 -0.4158 1.0317, -0.6736 -0.4158 1.0337, -0.7086 -0.4158 0.9456, -0.7086 -0.4158 0.8689, -0.6664 -0.4158 0.8748, -0.655 -0.4158 0.9578, -0.6115 -0.4158 1.0293, -0.6091 -0.4158 1.0297, -0.5422 -0.4158 0.9815, -0.5406 -0.4158 0.9371, -0.5436 -0.4158 0.9032, -0.5678 -0.4158 0.8633, -0.5754 -0.4158 0.8614, -0.591 -0.4158 0.8593, -0.716 -0.4158 0.8556, -0.7147 -0.4158 0.8557, -0.7175 -0.4158 0.8684, -0.7168 -0.4158 0.8757, -0.7168 -0.4158 0.8811, -0.7198 -0.4158 1.0213, -0.7217 -0.4158 1.0236, -0.7228 -0.4158 1.0251, -0.6658 -0.4158 1.0365, -0.6644 -0.4158 1.0374, -0.6537 -0.4158 1.0306, -0.6258 -0.4158 1.0289, -0.6531 -0.4158 1.0296, -0.6528 -0.4158 1.029, -0.6525 -0.4158 1.028, -0.6526 -0.4158 1.0276, -0.6556 -0.4158 0.9531, -0.6565 -0.4158 0.953, -0.6584 -0.4158 0.8777, -0.6623 -0.4158 0.8759, -0.6032 -0.4158 1.0303, -0.5924 -0.4158 1.0334, -0.648 -0.4158 0.8703, -0.6248 -0.4158 0.8654, -0.6253 -0.4158 0.866, -0.6257 -0.4158 0.8665, -0.6526 -0.4158 1.0285, -0.626 -0.4158 1.0284, -0.6527 -0.4158 1.0273, -0.6529 -0.4158 1.0269, -0.6035 -0.4158 0.8578, -0.6081 -0.4158 0.8566, -0.6107 -0.4158 0.855, -0.648 -0.4158 0.866, -0.649 -0.4158 0.8658, -0.6497 -0.4158 0.8658, -0.7168 -0.4158 1.0178, -0.7165 -0.4158 0.8882, -0.7166 -0.4158 0.8846, -0.6539 -0.4158 0.9547, -0.654 -0.4158 0.9543, -0.6254 -0.4158 1.0294, -0.625 -0.4158 1.0297, -0.6199 -0.4158 1.0289, -0.6139 -0.4158 1.0289, -0.6181 -0.4158 0.8583, -0.6207 -0.4158 0.861, -0.6241 -0.4158 0.8646, -0.6967 -0.4158 0.8596, -0.7097 -0.4158 0.8573, -0.7128 -0.4158 0.8562, -0.6539 -0.4158 0.8655, -0.6754 -0.4158 0.8629, -0.5311 -0.4158 0.851, -0.6122 -0.4158 0.8542, -0.6111 -0.4158 0.8548, -0.612 -0.4158 0.8543, -0.6129 -0.4158 0.8542, -0.6132 -0.4158 0.8543, -0.6142 -0.4158 0.8549, 1.0385 -0.4158 1.3238, 0.0938 -0.4158 1.3238, 1.0385 -0.4158 1.1858, 0.0938 -0.4158 1.0402, 0.0851 -0.4158 1.0402, 0.0938 -0.4158 1.0193, 1.2513 -0.4158 1.0402, 1.2513 -0.4158 1.0479, 1.378 -0.4158 1.1858, 1.378 -0.4158 1.0479, 1.2513 -0.4158 0.855, 0.0938 -0.4158 0.855, 1.2513 -0.4158 0.851, 0.0938 -0.4158 0.851, 1.2513 -0.4158 0.6435, 0.4619 -0.4158 0.6392, 0.4619 -0.4158 0.3717, 0.0938 -0.4158 0.3717, 0.4619 -0.4158 0.1689, 1.1001 -0.4158 0.6392, 1.2513 -0.4158 0.5496, 1.1001 -0.4158 0.3717, 1.378 -0.4158 0.5496, 1.2858 -0.4158 0.1297, 1.2858 -0.4158 0.1574, 1.4413 -0.4158 0.1574, 1.4413 -0.4158 0.3345, 1.378 -0.4158 0.3345, 1.378 -0.4158 0.3717, 0.97 -0.4158 0.0, 1.2858 -0.4158 0.0, 0.97 -0.4158 0.0787, 0.6944 -0.4158 0.0787, 0.0938 -0.4158 0.1297, 0.6944 -0.4158 0.0, 0.0938 -0.4158 0.0, -0.7356 -0.4158 0.0787, -0.5311 -0.4158 0.1297, -0.7356 -0.4158 0.1297, -0.8365 -0.4158 0.1297, -0.8365 -0.4158 0.0787, -0.9592 -0.4158 0.0787, -1.0053 -0.4158 0.1297, -0.9592 -0.4158 0.0, -1.0053 -0.4158 0.0, -1.2858 -0.4158 0.1297, -1.2858 -0.4158 0.0, -1.2513 -0.4158 0.5496, -1.378 -0.4158 0.5496, -1.378 -0.4158 0.3717, -1.2513 -0.4158 0.6435, -1.1001 -0.4158 0.3717, -1.1001 -0.4158 0.1689, -1.378 -0.4158 0.3345, -1.2858 -0.4158 0.1574, -1.4305 -0.4158 0.3345, -1.4305 -0.4158 0.1574, -1.1001 -0.4158 0.6392, -1.0053 -0.4158 0.6435, -1.2513 -0.4158 0.851, -1.2513 -0.4158 0.855, -1.0053 -0.4158 0.851, -1.0053 -0.4158 1.3238, -1.0385 -0.4158 1.3238, -1.0385 -0.4158 1.1858, -1.378 -0.4158 1.1858, -1.378 -0.4158 1.0479, -0.0938 -0.4158 0.3717, -0.0883 -0.4158 0.19, -0.0883 -0.4158 0.3717, -0.0865 -0.4158 0.2033, 0.0896 -0.4158 0.1801, 0.0865 -0.4158 0.1569, 0.0448 -0.4158 0.2577, 0.0633 -0.4158 0.2434, 0.0776 -0.4158 0.2249, 0.0865 -0.4158 0.2033, 1.1001 -0.4158 0.1689, -0.0776 -0.4158 0.2249, -0.0633 -0.4158 0.2434, -0.0448 -0.4158 0.2577, -0.0232 -0.4158 0.2666, 0.0 -0.4158 0.2697, 0.0232 -0.4158 0.2666, -0.0896 -0.4158 0.1801, -0.0938 -0.4158 0.1297, -0.0883 -0.4158 0.1701, -0.0883 -0.4158 0.1297, -0.0733 -0.4158 0.1297, -0.0776 -0.4158 0.1353, -0.0865 -0.4158 0.1569, 0.0776 -0.4158 0.1353, 0.0733 -0.4158 0.1297, 0.0633 -0.4158 0.1167, -0.0633 -0.4158 0.1167, -0.0883 -0.4158 0.0, -0.0448 -0.4158 0.1025, -0.0232 -0.4158 0.0936, 0.0448 -0.4158 0.1025, 0.0232 -0.4158 0.0936, 0.0 -0.4158 0.0905, -0.0615 -0.4158 0.6223, -0.0883 -0.4158 0.6435, -0.0753 -0.4158 0.6043, -0.084 -0.4158 0.5833, 0.0753 -0.4158 0.5173, 0.0615 -0.4158 0.4993, -0.0753 -0.4158 0.5173, -0.084 -0.4158 0.5383, -0.087 -0.4158 0.5608, 0.0435 -0.4158 0.6361, 0.0615 -0.4158 0.6223, 0.0753 -0.4158 0.6043, 0.084 -0.4158 0.5833, 0.087 -0.4158 0.5608, 0.084 -0.4158 0.5383, -0.0225 -0.4158 0.4768, -0.0435 -0.4158 0.4855, -0.0615 -0.4158 0.4993, 0.0435 -0.4158 0.4855, 0.0225 -0.4158 0.4768, 0.0 -0.4158 0.4738, -0.0435 -0.4158 0.6361, -0.0257 -0.4158 0.6435, -0.0883 -0.4158 0.851, -0.0225 -0.4158 0.6448, 0.0 -0.4158 0.6477, -0.0693 -0.4158 1.0612, -0.049 -0.4158 1.0767, -0.0883 -0.4158 1.3238, -0.0938 -0.4158 1.0402, -0.0883 -0.4158 1.0326, -0.0883 -0.4158 1.0402, -0.0851 -0.4158 1.0402, -0.0849 -0.4158 1.0409, 0.0254 -0.4158 1.0865, 0.0 -0.4158 1.0899, -0.0254 -0.4158 1.0865, 0.049 -0.4158 1.0767, 0.0693 -0.4158 1.0612, 0.0848 -0.4158 1.0409, -0.0938 -0.4158 0.9644, -0.0946 -0.4158 0.9665, -0.2681 -0.4158 0.855, -0.2681 -0.4158 1.0402, -0.098 -0.4158 0.9919, -0.0946 -0.4158 1.0172, -0.0938 -0.4158 1.0193, 0.0946 -0.4158 1.0172, 0.098 -0.4158 0.9919, 0.0946 -0.4158 0.9665, 0.0938 -0.4158 0.9644, 0.0848 -0.4158 0.9429, 0.0 -0.4158 0.8939, -0.0254 -0.4158 0.8972, -0.0883 -0.4158 0.855, 0.0693 -0.4158 0.9226, 0.049 -0.4158 0.907, 0.0254 -0.4158 0.8972, -0.049 -0.4158 0.907, -0.0693 -0.4158 0.9226, -0.0849 -0.4158 0.9429, -1.0053 -0.4158 0.1689, -0.8365 -0.4158 0.1689, -0.7356 -0.4158 0.1689, -0.5311 -0.4158 0.1689, -0.4619 -0.4158 0.6392, -0.4619 -0.4158 0.3717, -0.4501 -0.4158 0.3717, -0.4619 -0.4158 0.1689, -0.5311 -0.4158 0.6392, -0.4501 -0.4158 0.6435, -1.0053 -0.4158 0.6392, -0.8365 -0.4158 0.6392, -0.8365 -0.4158 0.6435, -0.7356 -0.4158 0.6392, -0.7356 -0.4158 0.6435, -0.5311 -0.4158 0.6435, -0.442 -0.4158 0.8482, -0.4418 -0.4158 0.8482, -0.2681 -0.4158 0.6435, -0.4416 -0.4158 0.8484, -0.4414 -0.4158 0.8485, -0.4429 -0.4158 0.8486, -0.4432 -0.4158 0.8489, -0.4501 -0.4158 0.851, -0.4435 -0.4158 0.8496, -0.4437 -0.4158 0.8502, -0.4411 -0.4158 0.849, -0.4413 -0.4158 0.8487, -0.4422 -0.4158 0.8482, -0.4424 -0.4158 0.8483, -0.4427 -0.4158 0.8484, -0.4409 -0.4158 0.8502, -0.441 -0.4158 0.8495, -0.4406 -0.4158 0.8528, -0.4403 -0.4158 0.855, -0.4388 -0.4158 0.879, -0.4385 -0.4158 0.8785, -0.4384 -0.4158 0.878, -0.4384 -0.4158 0.8774, -0.4386 -0.4158 0.8745, -0.4387 -0.4158 0.8734, -0.4389 -0.4158 0.8703, -0.44 -0.4158 0.8576, -0.4428 -0.4158 0.887, -0.4448 -0.4158 0.8924, -0.4467 -0.4158 0.899, -0.441 -0.4158 0.882, -0.4398 -0.4158 0.8802, -0.4516 -0.4158 0.9199, -0.4501 -0.4158 0.9135, -0.4482 -0.4158 0.9057, -0.5311 -0.4158 1.3238, -0.483 -0.4158 1.0413, -0.4501 -0.4158 1.3238, -0.5122 -0.4158 0.9063, -0.4833 -0.4158 1.0402, -0.519 -0.4158 0.8814, -0.5153 -0.4158 0.8937, -0.5204 -0.4158 0.8788, -0.5209 -0.4158 0.8778, -0.5212 -0.4158 0.868, -0.5199 -0.4158 0.8562, -0.5197 -0.4158 0.855, -0.5215 -0.4158 0.8761, -0.5216 -0.4158 0.8735, -0.5195 -0.4158 0.8523, -0.5172 -0.4158 0.8481, -0.5175 -0.4158 0.8479, -0.518 -0.4158 0.8477, -0.5181 -0.4158 0.8478, -0.5183 -0.4158 0.8478, -0.5186 -0.4158 0.8481, -0.5189 -0.4158 0.8486, -0.5184 -0.4158 0.8479, -0.5191 -0.4158 0.8493, -0.5193 -0.4158 0.851, -0.5177 -0.4158 0.8478, -0.5159 -0.4158 0.8505, -0.5163 -0.4158 0.8495, -0.5166 -0.4158 0.8488, -0.5169 -0.4158 0.8484, -0.5158 -0.4158 0.851, -0.4501 -0.4158 0.855, -0.5148 -0.4158 0.855, -0.4624 -0.4158 0.9303, -0.5009 -0.4158 0.921, -0.4501 -0.4158 0.8798, -0.5099 -0.4158 0.8788, -0.5142 -0.4158 0.8573, -0.4438 -0.4158 0.851, -0.4445 -0.4158 0.855, -0.4457 -0.4158 0.8615, -0.2681 -0.4158 1.3238, -0.0938 -0.4158 1.3238, -0.8365 -0.4158 1.3238, -0.7356 -0.4158 1.3238, -0.776 -0.4158 1.0358, -0.0938 -0.4158 0.855, -0.0938 -0.4158 0.851, -0.0938 -0.4158 0.6435, -0.0883 -0.4158 0.9511, -0.2681 -0.4158 0.3717, -0.4501 -0.4158 0.1297, -0.2681 -0.4158 0.1297, -0.4501 -0.4158 0.0, -0.2681 -0.4158 0.0, -0.0938 -0.4158 0.0, 1.378 0.5685 0.3345, 1.378 0.5685 1.3581, 1.378 0.5291 1.3238, 1.378 0.5291 1.3581, 1.378 0.5291 0.5496, 1.378 0.5291 1.0479, 1.378 -0.337 1.1858, 1.378 -0.337 1.3238, -1.378 0.5291 1.3238, -1.378 -0.337 1.3238, -1.0385 -0.337 1.3238, 1.0385 -0.337 1.3238, 1.2858 0.5291 0.0, 0.97 -0.2976 0.0, -0.6062 0.0862 0.0, -0.578 0.0495 0.0, -0.9592 -0.2976 0.0, -1.2858 0.5291 0.0, -0.6836 -0.2976 0.0, 0.3642 0.3282 0.0, 0.3275 0.3001 0.0, 0.2993 0.2634 0.0, 0.2816 0.2207 0.0, -0.2816 0.2207 0.0, -0.2993 0.2634 0.0, -0.3275 0.3001 0.0, -0.3642 0.3282 0.0, 0.3642 0.0214 0.0, 0.4069 0.0037 0.0, 0.6944 -0.2976 0.0, 0.4528 -0.0024 0.0, 0.6239 0.2207 0.0, 0.6062 0.2634 0.0, 0.3275 0.0495 0.0, -0.5413 0.0214 0.0, -0.4986 0.0037 0.0, -0.4528 -0.0024 0.0, 0.578 0.0495 0.0, 0.5413 0.0214 0.0, 0.4986 0.0037 0.0, 0.578 0.3001 0.0, 0.5413 0.3282 0.0, 0.4986 0.3459 0.0, 0.2993 0.0862 0.0, 0.2816 0.1289 0.0, 0.2756 0.1748 0.0, -0.4069 0.3459 0.0, -0.4528 0.352 0.0, -0.4986 0.3459 0.0, -0.5413 0.3282 0.0, -0.578 0.3001 0.0, -0.6062 0.2634 0.0, 0.4528 0.352 0.0, 0.4069 0.3459 0.0, -0.2756 0.1748 0.0, 0.6062 0.0862 0.0, 0.6239 0.1289 0.0, 0.6299 0.1748 0.0, -0.6239 0.2207 0.0, -0.6299 0.1748 0.0, -0.6239 0.1289 0.0, -0.4069 0.0037 0.0, -0.3642 0.0214 0.0, -0.3275 0.0495 0.0, -0.2993 0.0862 0.0, -0.2816 0.1289 0.0, 1.4413 0.5291 0.3345, 1.4413 0.5291 0.1574
            ]
        }
        coordIndex [
            0,1,2,-1,3,4,5,-1,6,7,8,-1,9,10,11,-1,12,13,14,-1,15,16,17,-1,18,19,20,-1,20,19,21,-1,22,23,24,-1,25,26,15,-1,15,26,27,-1,21,28,20,-1,20,28,29,-1,20,29,15,-1,30,31,20,-1,20,31,32,-1,20,32,33,-1,33,32,34,-1,33,34,35,-1,36,37,38,-1,15,17,20,-1,20,17,39,-1,20,39,30,-1,35,40,33,-1,33,40,41,-1,33,41,42,-1,43,44,38,-1,38,44,45,-1,27,46,15,-1,15,46,47,-1,15,47,16,-1,37,48,38,-1,38,48,49,-1,38,49,43,-1,50,51,11,-1,11,51,52,-1,42,53,33,-1,33,53,54,-1,33,54,55,-1,45,56,38,-1,38,56,57,-1,38,57,50,-1,55,58,33,-1,33,58,59,-1,33,59,60,-1,60,22,33,-1,33,22,24,-1,33,24,38,-1,38,24,61,-1,38,61,36,-1,52,62,11,-1,11,62,63,-1,11,63,18,-1,64,65,66,-1,66,65,67,-1,68,69,70,-1,69,68,71,-1,72,73,33,-1,74,75,76,-1,77,78,66,-1,66,78,79,-1,66,79,64,-1,80,81,71,-1,71,81,82,-1,71,82,83,-1,84,85,86,-1,84,86,87,-1,86,88,89,-1,89,88,90,-1,91,92,93,-1,75,94,95,-1,95,94,96,-1,97,98,20,-1,20,98,99,-1,20,99,100,-1,74,76,101,-1,101,76,102,-1,101,102,86,-1,86,102,103,-1,86,103,87,-1,85,104,86,-1,86,104,105,-1,86,105,88,-1,106,107,88,-1,88,107,108,-1,88,108,90,-1,109,110,75,-1,75,110,111,-1,91,93,94,-1,94,93,112,-1,94,112,96,-1,73,113,33,-1,33,113,114,-1,33,114,115,-1,100,116,20,-1,20,116,117,-1,20,117,118,-1,111,119,75,-1,75,119,120,-1,75,120,94,-1,115,121,33,-1,33,121,122,-1,33,122,20,-1,20,122,123,-1,20,123,97,-1,67,124,66,-1,66,124,125,-1,66,125,126,-1,126,125,127,-1,126,127,128,-1,128,127,129,-1,130,131,68,-1,132,133,134,-1,132,134,135,-1,136,137,68,-1,138,139,140,-1,140,139,141,-1,142,143,144,-1,145,146,147,-1,147,146,148,-1,147,148,149,-1,150,151,133,-1,152,153,66,-1,154,134,155,-1,155,134,156,-1,153,157,66,-1,66,157,158,-1,66,158,159,-1,160,161,68,-1,68,161,162,-1,68,162,163,-1,141,164,140,-1,140,164,165,-1,140,165,166,-1,166,165,142,-1,166,142,167,-1,167,142,144,-1,168,169,131,-1,131,169,170,-1,109,75,171,-1,171,75,74,-1,171,74,70,-1,70,74,77,-1,70,77,68,-1,68,77,66,-1,68,66,136,-1,137,172,68,-1,68,172,173,-1,68,173,160,-1,163,174,68,-1,68,174,175,-1,68,175,176,-1,170,177,131,-1,131,177,178,-1,131,178,179,-1,151,180,133,-1,133,180,181,-1,133,181,134,-1,134,181,182,-1,134,182,183,-1,183,184,134,-1,134,184,185,-1,134,185,156,-1,176,186,68,-1,68,186,187,-1,68,187,188,-1,189,190,191,-1,191,190,192,-1,191,192,193,-1,193,192,194,-1,193,194,195,-1,196,197,147,-1,159,198,66,-1,66,198,199,-1,66,199,200,-1,201,147,202,-1,202,147,203,-1,168,131,204,-1,204,131,130,-1,204,130,205,-1,206,207,208,-1,208,207,209,-1,208,209,210,-1,197,211,147,-1,147,211,212,-1,147,212,145,-1,150,133,213,-1,213,133,214,-1,213,214,215,-1,216,217,218,-1,218,217,219,-1,218,219,220,-1,188,221,68,-1,68,221,222,-1,68,222,223,-1,223,224,68,-1,68,224,225,-1,68,225,226,-1,227,228,229,-1,143,142,191,-1,191,142,230,-1,191,230,189,-1,231,232,130,-1,179,233,131,-1,131,233,234,-1,131,234,208,-1,208,234,235,-1,208,235,206,-1,210,236,208,-1,208,236,237,-1,208,237,238,-1,152,66,239,-1,239,66,218,-1,239,218,240,-1,200,241,66,-1,66,241,242,-1,66,242,243,-1,244,245,66,-1,66,245,246,-1,66,246,136,-1,226,247,68,-1,68,247,248,-1,68,248,130,-1,130,249,250,-1,250,249,251,-1,250,251,252,-1,253,254,149,-1,201,255,147,-1,147,255,256,-1,147,256,257,-1,257,256,227,-1,257,227,258,-1,258,227,229,-1,232,259,130,-1,130,259,260,-1,130,260,205,-1,196,147,134,-1,134,147,261,-1,134,261,135,-1,262,263,214,-1,214,263,264,-1,214,264,215,-1,252,265,250,-1,250,265,253,-1,250,253,266,-1,266,253,149,-1,254,267,149,-1,149,267,268,-1,149,268,195,-1,238,269,208,-1,208,269,270,-1,208,270,271,-1,220,272,218,-1,218,272,273,-1,218,273,274,-1,275,244,276,-1,276,244,66,-1,276,66,277,-1,277,66,243,-1,195,194,149,-1,149,194,278,-1,149,278,147,-1,147,278,279,-1,147,279,203,-1,250,280,130,-1,130,280,281,-1,130,281,231,-1,231,281,282,-1,231,282,283,-1,218,284,216,-1,216,284,285,-1,216,285,214,-1,214,285,286,-1,214,286,262,-1,287,288,218,-1,218,288,289,-1,218,289,240,-1,274,290,218,-1,218,290,291,-1,218,291,287,-1,126,292,293,-1,271,294,292,-1,292,294,295,-1,292,295,293,-1,293,296,126,-1,126,296,297,-1,126,297,66,-1,66,297,298,-1,66,298,218,-1,299,300,301,-1,301,300,302,-1,303,304,302,-1,302,304,305,-1,302,305,301,-1,301,305,306,-1,301,306,307,-1,307,306,308,-1,309,310,311,-1,311,310,312,-1,311,312,313,-1,314,8,315,-1,315,8,316,-1,315,316,317,-1,313,318,319,-1,319,318,320,-1,319,320,321,-1,322,323,320,-1,324,325,323,-1,323,325,326,-1,323,326,320,-1,320,326,327,-1,320,327,321,-1,328,329,330,-1,330,329,322,-1,330,322,331,-1,331,322,332,-1,331,332,333,-1,333,332,334,-1,335,12,336,-1,336,337,335,-1,335,337,338,-1,335,338,339,-1,339,338,340,-1,340,338,341,-1,340,341,342,-1,342,341,343,-1,343,341,344,-1,343,344,345,-1,346,347,348,-1,349,346,350,-1,350,346,348,-1,350,348,351,-1,351,348,352,-1,351,352,353,-1,353,352,354,-1,353,354,355,-1,350,356,349,-1,349,356,357,-1,349,357,358,-1,359,358,360,-1,50,11,38,-1,38,11,10,-1,38,10,359,-1,361,362,363,-1,363,364,365,-1,366,367,368,-1,368,367,369,-1,332,370,371,-1,372,373,316,-1,316,373,374,-1,316,374,375,-1,320,376,322,-1,322,376,317,-1,322,317,332,-1,332,317,316,-1,332,316,370,-1,370,316,375,-1,369,377,368,-1,368,377,378,-1,368,378,379,-1,379,380,368,-1,368,380,381,-1,368,381,316,-1,316,381,382,-1,316,382,372,-1,383,384,385,-1,385,384,386,-1,387,388,386,-1,386,388,389,-1,386,389,385,-1,371,390,332,-1,332,390,391,-1,332,391,334,-1,334,391,392,-1,393,394,395,-1,395,394,396,-1,392,397,334,-1,334,397,398,-1,334,398,394,-1,394,398,399,-1,394,399,396,-1,400,401,402,-1,402,401,403,-1,404,405,316,-1,406,407,368,-1,368,407,408,-1,7,409,8,-1,8,409,410,-1,8,410,411,-1,411,412,8,-1,8,412,413,-1,8,413,316,-1,316,413,414,-1,316,414,404,-1,415,416,368,-1,368,416,417,-1,368,417,406,-1,405,418,316,-1,316,418,419,-1,316,419,368,-1,368,419,420,-1,368,420,415,-1,400,421,401,-1,401,421,422,-1,401,422,423,-1,423,422,424,-1,425,6,312,-1,312,6,8,-1,312,8,313,-1,313,8,314,-1,313,314,318,-1,426,427,428,-1,429,430,431,-1,431,430,432,-1,431,432,433,-1,434,300,435,-1,435,300,428,-1,435,428,436,-1,436,428,427,-1,434,437,300,-1,300,437,438,-1,300,438,302,-1,302,438,439,-1,302,439,303,-1,440,441,442,-1,442,441,443,-1,441,444,443,-1,443,444,445,-1,443,445,429,-1,429,445,446,-1,429,446,430,-1,304,447,305,-1,305,447,448,-1,305,448,309,-1,309,448,449,-1,309,449,310,-1,310,449,450,-1,310,450,451,-1,452,453,454,-1,451,455,310,-1,310,455,456,-1,310,456,457,-1,453,458,454,-1,454,458,459,-1,454,459,460,-1,353,344,351,-1,351,344,341,-1,351,341,461,-1,461,341,338,-1,461,338,462,-1,462,338,337,-1,462,337,463,-1,463,337,336,-1,463,336,464,-1,465,466,467,-1,467,466,468,-1,469,465,470,-1,356,471,357,-1,357,471,472,-1,357,472,473,-1,473,472,474,-1,473,474,475,-1,475,474,469,-1,475,469,476,-1,476,469,470,-1,477,470,478,-1,478,470,479,-1,478,479,480,-1,480,479,481,-1,482,483,484,-1,484,483,485,-1,484,485,486,-1,5,487,479,-1,479,487,488,-1,479,488,481,-1,477,489,470,-1,470,489,490,-1,470,490,484,-1,484,490,491,-1,484,491,482,-1,4,492,5,-1,5,492,493,-1,5,493,487,-1,3,5,494,-1,494,5,442,-1,494,442,495,-1,496,497,443,-1,443,497,442,-1,442,497,498,-1,442,498,499,-1,500,501,499,-1,499,501,502,-1,499,502,442,-1,442,502,503,-1,442,503,495,-1,504,443,505,-1,505,443,506,-1,504,507,443,-1,443,507,508,-1,443,508,496,-1,1,509,2,-1,2,509,510,-1,2,510,443,-1,443,510,511,-1,443,511,506,-1,512,513,514,-1,514,513,0,-1,515,516,131,-1,517,518,519,-1,519,518,520,-1,521,208,522,-1,522,208,523,-1,518,515,520,-1,520,515,131,-1,520,131,524,-1,524,131,208,-1,524,208,525,-1,525,208,521,-1,271,292,208,-1,208,292,526,-1,208,526,523,-1,527,528,470,-1,529,530,476,-1,476,530,531,-1,532,533,292,-1,532,292,534,-1,533,535,292,-1,292,535,536,-1,292,536,526,-1,470,528,476,-1,476,528,537,-1,476,537,529,-1,538,539,484,-1,484,539,540,-1,484,540,470,-1,470,540,541,-1,470,541,527,-1,538,484,542,-1,542,484,543,-1,542,543,544,-1,545,546,547,-1,547,546,548,-1,547,548,543,-1,543,548,549,-1,543,549,544,-1,486,550,484,-1,484,550,551,-1,484,551,543,-1,543,551,552,-1,543,552,547,-1,0,2,514,-1,514,2,443,-1,514,443,553,-1,553,443,429,-1,553,429,554,-1,554,429,431,-1,554,431,428,-1,428,431,433,-1,428,433,426,-1,555,68,556,-1,556,68,131,-1,556,131,512,-1,512,131,516,-1,512,516,513,-1,365,9,363,-1,363,9,11,-1,363,11,361,-1,361,11,18,-1,361,18,555,-1,555,18,20,-1,555,20,68,-1,68,20,118,-1,68,118,71,-1,71,118,557,-1,71,557,80,-1,457,452,310,-1,310,452,454,-1,310,454,312,-1,312,454,423,-1,312,423,425,-1,425,423,424,-1,359,360,38,-1,38,360,128,-1,38,128,33,-1,33,128,129,-1,33,129,72,-1,454,558,423,-1,423,558,559,-1,423,559,401,-1,401,559,560,-1,460,561,454,-1,454,561,440,-1,454,440,558,-1,558,440,442,-1,558,442,559,-1,559,442,5,-1,559,5,560,-1,560,5,479,-1,358,357,360,-1,360,357,473,-1,360,473,128,-1,128,473,475,-1,128,475,126,-1,126,475,476,-1,126,476,292,-1,292,476,531,-1,292,531,534,-1,465,467,470,-1,470,467,562,-1,470,562,479,-1,479,562,366,-1,479,366,560,-1,560,366,368,-1,560,368,401,-1,401,368,408,-1,401,408,403,-1,464,336,468,-1,468,336,563,-1,468,563,467,-1,467,563,564,-1,467,564,562,-1,562,564,384,-1,562,384,366,-1,366,384,383,-1,366,383,367,-1,12,14,336,-1,336,14,565,-1,336,565,563,-1,563,565,566,-1,563,566,564,-1,564,566,567,-1,564,567,384,-1,384,567,394,-1,384,394,386,-1,386,394,393,-1,386,393,387,-1,327,326,568,-1,568,569,570,-1,570,569,571,-1,321,327,572,-1,572,327,568,-1,572,568,573,-1,573,568,570,-1,307,308,574,-1,574,308,573,-1,574,573,575,-1,575,573,570,-1,570,576,577,-1,577,578,570,-1,570,578,579,-1,570,579,575,-1,362,361,578,-1,578,361,555,-1,578,555,556,-1,553,554,578,-1,578,554,428,-1,578,428,579,-1,579,428,300,-1,579,300,299,-1,556,512,578,-1,578,512,514,-1,578,514,553,-1,329,328,580,-1,580,328,581,-1,582,583,584,-1,584,342,585,-1,585,342,343,-1,585,343,345,-1,14,13,586,-1,587,588,586,-1,586,588,589,-1,586,589,590,-1,584,583,586,-1,591,592,580,-1,580,592,593,-1,580,593,594,-1,595,596,597,-1,597,596,598,-1,580,599,600,-1,334,394,601,-1,583,602,586,-1,586,602,603,-1,586,603,604,-1,605,581,606,-1,606,581,597,-1,606,597,607,-1,607,597,598,-1,600,608,580,-1,580,608,609,-1,580,609,610,-1,611,14,612,-1,612,14,586,-1,612,586,613,-1,613,586,590,-1,394,567,601,-1,601,567,566,-1,601,566,611,-1,611,566,565,-1,611,565,14,-1,594,614,580,-1,580,614,615,-1,580,615,585,-1,585,615,616,-1,616,617,585,-1,585,617,618,-1,585,618,619,-1,610,620,580,-1,580,620,621,-1,580,621,591,-1,591,621,622,-1,605,623,581,-1,581,623,624,-1,581,624,580,-1,580,624,625,-1,580,625,599,-1,595,597,601,-1,601,597,333,-1,601,333,334,-1,619,626,585,-1,585,626,627,-1,585,627,584,-1,584,627,628,-1,584,628,582,-1,604,629,586,-1,586,629,630,-1,586,630,587,-1,630,631,587,-1,587,631,632,-1,587,632,621,-1,621,632,633,-1,621,633,622,-1,634,325,635,-1,635,325,324,-1,
        ]
    }
}
Shape{
    appearance Appearance {
        material  Material 	{
            diffuseColor 1.0 1.0 1.0
            specularColor 0.5019607843137255 0.5019607843137255 0.5019607843137255
            ambientIntensity 1.0
            transparency 0.0
            shininess 0.5
        }
    }
    geometry IndexedFaceSet {
        ccw TRUE
        solid FALSE
        coord DEF co Coordinate {
            point [
                1.4961 0.558 -0.0198, 1.4734 0.5291 -0.0198, 1.4771 0.5658 -0.0198, 1.4567 0.5291 -0.0198, 1.4567 0.5685 -0.0198, 1.4734 0.5254 -0.0198, 1.4764 0.5239 -0.0198, 1.4845 0.5176 -0.0198, 1.5124 0.5454 -0.0198, 1.4908 0.5094 -0.0198, 1.5249 0.5291 -0.0198, 1.4947 0.5 -0.0198, 1.5327 0.5101 -0.0198, 1.4961 0.4898 -0.0198, 1.5354 0.4898 -0.0198
            ]
        }
        coordIndex [
            0,1,2,-1,2,1,3,-1,2,3,4,-1,5,1,6,-1,6,1,0,-1,6,0,7,-1,7,0,8,-1,7,8,9,-1,9,8,10,-1,9,10,11,-1,11,10,12,-1,11,12,13,-1,13,12,14,-1,
        ]
    }
}
Shape{
    appearance Appearance {
        material  Material 	{
            diffuseColor 1.0 1.0 1.0
            specularColor 0.8784313725490196 0.8784313725490196 0.8784313725490196
            ambientIntensity 1.0
            transparency 0.0
            shininess 0.5
        }
    }
    geometry IndexedFaceSet {
        ccw TRUE
        solid FALSE
        coord DEF co Coordinate {
            point [
                1.4734 0.5254 0.1574, 1.4734 0.5254 -0.0198, 1.4764 0.5239 -0.0198, 1.4567 0.5291 0.3345, 1.4567 0.5291 0.1574, 1.4669 0.5278 0.3345, 1.4669 0.5278 0.1574, 1.4764 0.5239 0.3345, 1.4961 0.4898 -0.0198, 1.4961 0.4898 0.3345, 1.4947 0.5 -0.0198, 1.4947 0.5 0.3345, 1.4908 0.5094 -0.0198, 1.4908 0.5094 0.3345, 1.4845 0.5176 -0.0198, 1.4845 0.5176 0.3345
            ]
        }
        coordIndex [
            0,1,2,-1,3,4,5,-1,5,4,6,-1,5,6,7,-1,8,9,10,-1,10,9,11,-1,10,11,12,-1,12,11,13,-1,12,13,14,-1,14,13,15,-1,14,15,2,-1,2,15,7,-1,2,7,0,-1,0,7,6,-1,
        ]
    }
}
Shape{
    appearance Appearance {
        material  Material 	{
            diffuseColor 1.0 1.0 1.0
            specularColor 0.5019607843137255 0.5019607843137255 0.5019607843137255
            ambientIntensity 1.0
            transparency 0.0
            shininess 0.5
        }
    }
    geometry IndexedFaceSet {
        ccw TRUE
        solid FALSE
        coord DEF co Coordinate {
            point [
                -1.378 0.5291 1.3581, -1.378 0.5291 1.3238, 1.378 0.5291 1.3581, 1.378 0.5291 1.3238, 0.9055 0.5685 0.9054, -1.378 0.5685 1.3581, 1.378 0.5685 1.3581, 1.4567 0.5685 0.3345, 1.4567 0.5685 -0.0198, 1.378 0.5685 0.3345, -1.4567 0.5685 -0.0198, -0.5876 0.5685 0.9338, -0.5889 0.5685 0.9236, -1.2205 0.5685 0.9054, 0.5836 0.5685 0.9432, 0.5774 0.5685 0.9513, -1.4567 0.5685 0.3345, -1.378 0.5685 0.3345, 0.5876 0.5685 0.9338, -0.5774 0.5685 0.9513, -0.5836 0.5685 0.9432, -0.5889 0.5685 0.4148, -0.5876 0.5685 0.4046, -0.5836 0.5685 0.3951, -0.5774 0.5685 0.387, -0.5693 0.5685 0.3808, 0.5599 0.5685 0.3769, 0.5693 0.5685 0.3808, 0.9055 0.5685 0.4329, 0.5774 0.5685 0.387, 0.5836 0.5685 0.3951, -0.5497 0.5685 0.9628, -0.5599 0.5685 0.9615, -0.5693 0.5685 0.9575, -1.2205 0.5685 0.4329, -0.9055 0.5685 0.4329, -0.9055 0.5685 0.9054, -0.5599 0.5685 0.3769, -0.5497 0.5685 0.3755, 0.5497 0.5685 0.3755, 0.5693 0.5685 0.9575, 0.5599 0.5685 0.9615, 0.5497 0.5685 0.9628, 1.2205 0.5685 0.4329, 1.2205 0.5685 0.9054, 0.5876 0.5685 0.4046, 0.5889 0.5685 0.4148, 0.5889 0.5685 0.9236
            ]
        }
        coordIndex [
            0,1,2,-1,2,1,3,-1,4,5,6,-1,7,8,9,-1,9,8,10,-1,11,12,13,-1,14,15,4,-1,10,16,17,-1,14,4,18,-1,5,19,20,-1,21,22,17,-1,17,22,23,-1,17,23,10,-1,10,23,24,-1,10,24,25,-1,26,27,28,-1,28,27,29,-1,28,29,30,-1,31,32,5,-1,5,32,33,-1,5,33,19,-1,20,11,5,-1,5,11,13,-1,5,13,17,-1,17,13,34,-1,17,34,21,-1,21,34,35,-1,21,35,12,-1,12,35,36,-1,12,36,13,-1,25,37,10,-1,10,37,38,-1,10,38,39,-1,15,40,4,-1,4,40,41,-1,4,41,5,-1,5,41,42,-1,5,42,31,-1,39,26,10,-1,10,26,28,-1,10,28,9,-1,9,28,43,-1,9,43,6,-1,6,43,44,-1,6,44,4,-1,30,45,28,-1,28,45,46,-1,28,46,4,-1,4,46,47,-1,4,47,18,-1,
        ]
    }
}
Shape{
    appearance Appearance {
        material  Material 	{
            diffuseColor 0.9647058823529412 1.0 0.4980392156862745
            specularColor 0.4823529411764706 0.5019607843137255 0.25098039215686274
            ambientIntensity 0.9322
            transparency 0.0
            shininess 0.5
        }
    }
    geometry IndexedFaceSet {
        ccw TRUE
        solid FALSE
        coord DEF co Coordinate {
            point [
                -1.4305 -0.4158 0.1574, -1.4305 -0.4158 0.3345, -1.4305 0.5291 0.1574, -1.4305 0.5291 0.3345, -0.6836 -0.2976 0.0787, -0.6836 -0.2976 0.0, -0.6836 -0.4158 0.0787, -0.6836 -0.4158 0.0, -0.9592 -0.2976 0.0787, -0.9592 -0.2976 0.0, -0.9592 -0.4158 0.0, -0.9592 -0.4158 0.0787, -0.7356 -0.4158 0.0787, -0.8365 -0.4158 0.0787, 0.97 -0.2976 0.0787, 0.97 -0.2976 0.0, 0.97 -0.4158 0.0787, 0.97 -0.4158 0.0, 0.6944 -0.2976 0.0787, 0.6944 -0.2976 0.0, 0.6944 -0.4158 0.0, 0.6944 -0.4158 0.0787, 0.4528 0.352 0.0, 0.4069 0.3459 -0.315, 0.4069 0.3459 0.0, 0.3642 0.3282 -0.315, 0.3642 0.3282 0.0, 0.3275 0.3001 -0.315, 0.3275 0.3001 0.0, 0.2993 0.2634 -0.315, 0.2993 0.2634 0.0, 0.2816 0.2207 -0.315, 0.2816 0.2207 0.0, 0.2756 0.1748 -0.315, 0.2756 0.1748 0.0, 0.2816 0.1289 -0.315, 0.2816 0.1289 0.0, 0.2993 0.0862 -0.315, 0.2993 0.0862 0.0, 0.3275 0.0495 -0.315, 0.3275 0.0495 0.0, 0.3642 0.0214 -0.315, 0.3642 0.0214 0.0, 0.4069 0.0037 -0.315, 0.4069 0.0037 0.0, 0.4528 -0.0024 -0.315, 0.4528 -0.0024 0.0, 0.4986 0.0037 -0.315, 0.4986 0.0037 0.0, 0.5413 0.0214 -0.315, 0.5413 0.0214 0.0, 0.578 0.0495 -0.315, 0.578 0.0495 0.0, 0.6062 0.0862 -0.315, 0.6062 0.0862 0.0, 0.6239 0.1289 -0.315, 0.6239 0.1289 0.0, 0.6299 0.1748 -0.315, 0.6299 0.1748 0.0, 0.6239 0.2207 -0.315, 0.6239 0.2207 0.0, 0.6062 0.2634 -0.315, 0.6062 0.2634 0.0, 0.578 0.3001 -0.315, 0.578 0.3001 0.0, 0.5413 0.3282 -0.315, 0.5413 0.3282 0.0, 0.4986 0.3459 -0.315, 0.4986 0.3459 0.0, 0.4528 0.352 -0.315, 0.4528 0.1748 -0.315
            ]
        }
        coordIndex [
            0,1,2,-1,2,1,3,-1,4,5,6,-1,6,5,7,-1,4,8,5,-1,5,8,9,-1,9,8,10,-1,10,8,11,-1,4,6,12,-1,4,12,8,-1,8,12,13,-1,8,13,11,-1,14,15,16,-1,16,15,17,-1,14,18,15,-1,15,18,19,-1,19,18,20,-1,20,18,21,-1,14,16,18,-1,18,16,21,-1,22,23,24,-1,24,23,25,-1,24,25,26,-1,26,25,27,-1,26,27,28,-1,28,27,29,-1,28,29,30,-1,30,29,31,-1,30,31,32,-1,32,31,33,-1,32,33,34,-1,34,33,35,-1,34,35,36,-1,36,35,37,-1,36,37,38,-1,38,37,39,-1,38,39,40,-1,40,39,41,-1,40,41,42,-1,42,41,43,-1,42,43,44,-1,44,43,45,-1,44,45,46,-1,46,45,47,-1,46,47,48,-1,48,47,49,-1,48,49,50,-1,50,49,51,-1,50,51,52,-1,52,51,53,-1,52,53,54,-1,54,53,55,-1,54,55,56,-1,56,55,57,-1,56,57,58,-1,58,57,59,-1,58,59,60,-1,60,59,61,-1,60,61,62,-1,62,61,63,-1,62,63,64,-1,64,63,65,-1,64,65,66,-1,66,65,67,-1,66,67,68,-1,68,67,69,-1,68,69,22,-1,22,69,23,-1,49,47,70,-1,70,47,45,-1,70,45,43,-1,55,53,70,-1,70,53,51,-1,70,51,49,-1,61,59,70,-1,70,59,57,-1,70,57,55,-1,67,65,70,-1,70,65,63,-1,70,63,61,-1,25,23,70,-1,70,23,69,-1,70,69,67,-1,31,29,70,-1,70,29,27,-1,70,27,25,-1,37,35,70,-1,70,35,33,-1,70,33,31,-1,43,41,70,-1,70,41,39,-1,70,39,37,-1,
        ]
    }
}
Shape{
    appearance Appearance {
        material  Material 	{
            diffuseColor 1.0 1.0 1.0
            specularColor 0.8784313725490196 0.8784313725490196 0.8784313725490196
            ambientIntensity 1.0
            transparency 0.0
            shininess 0.5
        }
    }
    geometry IndexedFaceSet {
        ccw TRUE
        solid FALSE
        coord DEF co Coordinate {
            point [
                -1.4567 0.5685 0.3345, -1.4567 0.5685 -0.0198, -1.4771 0.5658 -0.0198, -1.4771 0.5658 0.3345, -1.4961 0.558 -0.0198, -1.4961 0.558 0.3345, -1.5124 0.5454 -0.0198, -1.5124 0.5454 0.3345, -1.5249 0.5291 -0.0198, -1.5249 0.5291 0.3345, -1.5328 0.5101 -0.0198, -1.5328 0.5101 0.3345, -1.5354 0.4898 -0.0198, -1.5354 0.4898 0.3345, -1.4567 0.5291 0.1574, -1.4567 0.5291 0.3345, -1.4669 0.5278 0.1574, -1.4669 0.5278 0.3345, -1.4734 0.5254 0.1574, -1.4764 0.5239 0.3345, -1.4961 0.4898 0.3345, -1.4961 0.4898 -0.0198, -1.4947 0.5 0.3345, -1.4947 0.5 -0.0198, -1.4908 0.5094 0.3345, -1.4908 0.5094 -0.0198, -1.4845 0.5176 0.3345, -1.4845 0.5176 -0.0198, -1.4764 0.5239 -0.0198, -1.4734 0.5254 -0.0198
            ]
        }
        coordIndex [
            0,1,2,-1,0,2,3,-1,3,2,4,-1,3,4,5,-1,5,4,6,-1,5,6,7,-1,7,6,8,-1,7,8,9,-1,9,8,10,-1,9,10,11,-1,11,10,12,-1,11,12,13,-1,14,15,16,-1,16,15,17,-1,16,17,18,-1,18,17,19,-1,20,21,22,-1,22,21,23,-1,22,23,24,-1,24,23,25,-1,24,25,26,-1,26,25,27,-1,26,27,19,-1,19,27,28,-1,19,28,18,-1,18,28,29,-1,
        ]
    }
}
Shape{
    appearance Appearance {
        material  Material 	{
            diffuseColor 1.0 1.0 1.0
            specularColor 0.5019607843137255 0.5019607843137255 0.5019607843137255
            ambientIntensity 1.0
            transparency 0.0
            shininess 0.5
        }
    }
    geometry IndexedFaceSet {
        ccw TRUE
        solid FALSE
        coord DEF co Coordinate {
            point [
                -1.5354 0.1748 0.3345, -1.5354 0.4898 0.3345, -1.5354 0.1748 0.0589, -1.5354 0.4898 -0.0198, -1.5354 0.2535 -0.0198, -1.5354 0.1979 0.0033, -1.5354 0.1775 0.0386, -1.5354 0.1853 0.0196, -1.5354 0.2332 -0.0171, -1.5354 0.2142 -0.0093, -1.4961 0.4898 0.3345, -1.4961 0.1748 0.3345, -1.4961 0.4898 -0.0198, -1.4961 0.1748 0.0589, -1.4961 0.2535 -0.0198, -1.4961 0.1853 0.0196, -1.4961 0.1979 0.0033, -1.4961 0.2142 -0.0093, -1.4961 0.1775 0.0386, -1.4961 0.2332 -0.0171, 1.4734 0.5291 -0.0198, 1.4734 0.5291 0.1574, 1.4567 0.5291 0.1574, 1.4567 0.5291 0.3345, 1.4413 0.5291 0.3345, 1.4413 0.5291 0.1574, 1.4567 0.5291 -0.0198, -1.2858 0.5291 0.0, -1.4567 0.5291 -0.0198, 1.2858 0.5291 0.0, 1.2858 0.5291 0.1574, -1.4305 0.5291 0.3345, -1.4567 0.5291 0.3345, -1.4305 0.5291 0.1574, -1.4567 0.5291 0.1574, -1.2858 0.5291 0.1574, -1.4734 0.5291 -0.0198, -1.4734 0.5291 0.1574, -1.4567 0.5685 -0.0198, 1.4567 0.5685 -0.0198, -1.378 0.5685 1.3581, -1.378 0.5291 1.3581, 1.378 0.5685 1.3581, 1.378 0.5291 1.3581
            ]
        }
        coordIndex [
            0,1,2,-1,2,1,3,-1,2,3,4,-1,2,5,6,-1,6,5,7,-1,4,8,2,-1,2,8,9,-1,2,9,5,-1,10,11,12,-1,12,11,13,-1,12,13,14,-1,15,16,17,-1,13,18,14,-1,14,18,15,-1,14,15,19,-1,19,15,17,-1,2,13,0,-1,0,13,11,-1,20,21,22,-1,23,24,22,-1,22,24,25,-1,22,25,20,-1,20,25,26,-1,27,28,29,-1,29,28,26,-1,29,26,30,-1,30,26,25,-1,31,32,33,-1,33,32,34,-1,27,35,28,-1,28,35,33,-1,28,33,36,-1,36,33,34,-1,36,34,37,-1,38,39,28,-1,28,39,26,-1,40,41,42,-1,42,41,43,-1,
        ]
    }
}
Shape{
    appearance Appearance {
        material  Material 	{
            diffuseColor 1.0 1.0 1.0
            specularColor 0.8784313725490196 0.8784313725490196 0.8784313725490196
            ambientIntensity 1.0
            transparency 0.0
            shininess 0.5
        }
    }
    geometry IndexedFaceSet {
        ccw TRUE
        solid FALSE
        coord DEF co Coordinate {
            point [
                1.4567 0.5685 -0.0198, 1.4567 0.5685 0.3345, 1.4771 0.5658 0.3345, 1.4771 0.5658 -0.0198, 1.4961 0.558 0.3345, 1.4961 0.558 -0.0198, 1.5124 0.5454 0.3345, 1.5124 0.5454 -0.0198, 1.5249 0.5291 0.3345, 1.5249 0.5291 -0.0198, 1.5327 0.5101 0.3345, 1.5327 0.5101 -0.0198, 1.5354 0.4898 0.3345, 1.5354 0.4898 -0.0198
            ]
        }
        coordIndex [
            0,1,2,-1,0,2,3,-1,3,2,4,-1,3,4,5,-1,5,4,6,-1,5,6,7,-1,7,6,8,-1,7,8,9,-1,9,8,10,-1,9,10,11,-1,11,10,12,-1,11,12,13,-1,
        ]
    }
}
Shape{
    appearance Appearance {
        material  Material 	{
            diffuseColor 1.0 1.0 1.0
            specularColor 0.5019607843137255 0.5019607843137255 0.5019607843137255
            ambientIntensity 1.0
            transparency 0.0
            shininess 0.5
        }
    }
    geometry IndexedFaceSet {
        ccw TRUE
        solid FALSE
        coord DEF co Coordinate {
            point [
                1.4961 0.2535 -0.0198, 1.4961 0.4898 -0.0198, 1.5354 0.2535 -0.0198, 1.5354 0.4898 -0.0198, 1.5354 0.4898 0.3345, 1.5354 0.1748 0.3345, 1.5354 0.1748 0.0589, 1.5354 0.1853 0.0196, 1.5354 0.1979 0.0033, 1.5354 0.2142 -0.0093, 1.5354 0.1775 0.0386, 1.5354 0.2332 -0.0171, 1.4961 0.4898 0.3345, 1.4961 0.1748 0.3345, 1.4961 0.1748 0.0589, 1.4961 0.1775 0.0386, 1.4961 0.2142 -0.0093, 1.4961 0.1979 0.0033, 1.4961 0.1853 0.0196, 1.4961 0.2332 -0.0171
            ]
        }
        coordIndex [
            0,1,2,-1,2,1,3,-1,4,5,3,-1,3,5,6,-1,3,6,2,-1,7,8,9,-1,6,10,2,-1,2,10,7,-1,2,7,11,-1,11,7,9,-1,12,1,13,-1,13,1,0,-1,13,0,14,-1,14,0,15,-1,16,17,18,-1,15,0,18,-1,18,0,19,-1,18,19,16,-1,14,6,13,-1,13,6,5,-1,
        ]
    }
}
Shape{
    appearance Appearance {
        material  Material 	{
            diffuseColor 1.0 1.0 1.0
            specularColor 0.8784313725490196 0.8784313725490196 0.8784313725490196
            ambientIntensity 1.0
            transparency 0.0
            shininess 0.5
        }
    }
    geometry IndexedFaceSet {
        ccw TRUE
        solid FALSE
        coord DEF co Coordinate {
            point [
                -1.4567 0.5685 -0.0198, -1.4567 0.5291 -0.0198, -1.4771 0.5658 -0.0198, -1.4734 0.5291 -0.0198, -1.4961 0.558 -0.0198, -1.4961 0.4898 -0.0198, -1.5354 0.4898 -0.0198, -1.4947 0.5 -0.0198, -1.5328 0.5101 -0.0198, -1.4908 0.5094 -0.0198, -1.5249 0.5291 -0.0198, -1.4845 0.5176 -0.0198, -1.5124 0.5454 -0.0198, -1.4764 0.5239 -0.0198, -1.4734 0.5254 -0.0198
            ]
        }
        coordIndex [
            0,1,2,-1,2,1,3,-1,2,3,4,-1,5,6,7,-1,7,6,8,-1,7,8,9,-1,9,8,10,-1,9,10,11,-1,11,10,12,-1,11,12,13,-1,13,12,4,-1,13,4,14,-1,14,4,3,-1,
        ]
    }
}
Shape{
    appearance Appearance {
        material  Material 	{
            diffuseColor 1.0 1.0 1.0
            specularColor 0.5019607843137255 0.5019607843137255 0.5019607843137255
            ambientIntensity 1.0
            transparency 0.0
            shininess 0.5
        }
    }
    geometry IndexedFaceSet {
        ccw TRUE
        solid FALSE
        coord DEF co Coordinate {
            point [
                -1.5354 0.2535 -0.0198, -1.5354 0.4898 -0.0198, -1.4961 0.2535 -0.0198, -1.4961 0.4898 -0.0198
            ]
        }
        coordIndex [
            0,1,2,-1,2,1,3,-1,
        ]
    }
}
Shape{
    appearance Appearance {
        material  Material 	{
            diffuseColor 1.0 1.0 1.0
            specularColor 0.8784313725490196 0.8784313725490196 0.8784313725490196
            ambientIntensity 1.0
            transparency 0.0
            shininess 0.5
        }
    }
    geometry IndexedFaceSet {
        ccw TRUE
        solid FALSE
        coord DEF co Coordinate {
            point [
                1.5354 0.1748 0.0589, 1.4961 0.1748 0.0589, 1.4961 0.1775 0.0386, 1.5354 0.1775 0.0386, 1.4961 0.1853 0.0196, 1.5354 0.1853 0.0196, 1.4961 0.1979 0.0033, 1.5354 0.1979 0.0033, 1.4961 0.2142 -0.0093, 1.5354 0.2142 -0.0093, 1.4961 0.2332 -0.0171, 1.5354 0.2332 -0.0171, 1.4961 0.2535 -0.0198, 1.5354 0.2535 -0.0198, -1.5354 0.2535 -0.0198, -1.4961 0.2535 -0.0198, -1.4961 0.2332 -0.0171, -1.5354 0.2332 -0.0171, -1.4961 0.2142 -0.0093, -1.5354 0.2142 -0.0093, -1.4961 0.1979 0.0033, -1.5354 0.1979 0.0033, -1.4961 0.1853 0.0196, -1.5354 0.1853 0.0196, -1.4961 0.1775 0.0386, -1.5354 0.1775 0.0386, -1.4961 0.1748 0.0589, -1.5354 0.1748 0.0589
            ]
        }
        coordIndex [
            0,1,2,-1,0,2,3,-1,3,2,4,-1,3,4,5,-1,5,4,6,-1,5,6,7,-1,7,6,8,-1,7,8,9,-1,9,8,10,-1,9,10,11,-1,11,10,12,-1,11,12,13,-1,14,15,16,-1,14,16,17,-1,17,16,18,-1,17,18,19,-1,19,18,20,-1,19,20,21,-1,21,20,22,-1,21,22,23,-1,23,22,24,-1,23,24,25,-1,25,24,26,-1,25,26,27,-1,
        ]
    }
}
Shape{
    appearance Appearance {
        material  Material 	{
            diffuseColor 0.9647058823529412 1.0 0.4980392156862745
            specularColor 0.4823529411764706 0.5019607843137255 0.25098039215686274
            ambientIntensity 0.9322
            transparency 0.0
            shininess 0.5
        }
    }
    geometry IndexedFaceSet {
        ccw TRUE
        solid FALSE
        coord DEF co Coordinate {
            point [
                1.2067 0.726 0.4467, 1.2067 0.726 0.8916, 1.2205 0.5685 0.4329, 1.2205 0.5685 0.9054, 0.9193 0.726 0.4467, 0.9055 0.5685 0.4329, 0.9193 0.726 0.8916, 0.9055 0.5685 0.9054, -0.9193 0.726 0.4467, -0.9193 0.726 0.8916, -0.9055 0.5685 0.4329, -0.9055 0.5685 0.9054, -1.2067 0.726 0.4467, -1.2205 0.5685 0.4329, -1.2067 0.726 0.8916, -1.2205 0.5685 0.9054
            ]
        }
        coordIndex [
            0,1,2,-1,2,1,3,-1,4,0,5,-1,5,0,2,-1,6,4,7,-1,7,4,5,-1,1,6,3,-1,3,6,7,-1,4,6,0,-1,0,6,1,-1,8,9,10,-1,10,9,11,-1,12,8,13,-1,13,8,10,-1,14,12,15,-1,15,12,13,-1,9,14,11,-1,11,14,15,-1,12,14,8,-1,8,14,9,-1,
        ]
    }
}
Shape{
    appearance Appearance {
        material  Material 	{
            diffuseColor 0.2235294117647059 0.2235294117647059 0.2235294117647059
            specularColor 0.11372549019607843 0.11372549019607843 0.11372549019607843
            ambientIntensity 0.2235
            transparency 0.0
            shininess 0.5
        }
    }
    geometry IndexedFaceSet {
        ccw TRUE
        solid FALSE
        coord DEF co Coordinate {
            point [
                0.5693 0.5865 0.9236, 0.5693 0.5865 0.4148, 0.538 0.9442 0.8923, 0.538 0.9442 0.4461, 0.5497 0.5865 0.3952, -0.5497 0.5865 0.3952, 0.5184 0.9442 0.4265, -0.5184 0.9442 0.4265, -0.538 0.9442 0.8923, -0.538 0.9442 0.4461, -0.5693 0.5865 0.9236, -0.5693 0.5865 0.4148, -0.5497 0.5865 0.9432, 0.5497 0.5865 0.9432, -0.5184 0.9442 0.9119, 0.5184 0.9442 0.9119, 0.5184 0.9622 0.8923, 0.5184 0.9622 0.4461, -0.5184 0.9622 0.8923, -0.5184 0.9622 0.4461
            ]
        }
        coordIndex [
            0,1,2,-1,2,1,3,-1,4,5,6,-1,6,5,7,-1,8,9,10,-1,10,9,11,-1,12,13,14,-1,14,13,15,-1,16,17,18,-1,18,17,19,-1,
        ]
    }
}
Shape{
    appearance Appearance {
        material  Material 	{
            diffuseColor 0.9647058823529412 1.0 0.4980392156862745
            specularColor 0.4823529411764706 0.5019607843137255 0.25098039215686274
            ambientIntensity 0.9322
            transparency 0.0
            shininess 0.5
        }
    }
    geometry IndexedFaceSet {
        ccw TRUE
        solid FALSE
        coord DEF co Coordinate {
            point [
                -0.4528 0.352 0.0, -0.4986 0.3459 -0.315, -0.4986 0.3459 0.0, -0.5413 0.3282 -0.315, -0.5413 0.3282 0.0, -0.578 0.3001 -0.315, -0.578 0.3001 0.0, -0.6062 0.2634 -0.315, -0.6062 0.2634 0.0, -0.6239 0.2207 -0.315, -0.6239 0.2207 0.0, -0.6299 0.1748 -0.315, -0.6299 0.1748 0.0, -0.6239 0.1289 -0.315, -0.6239 0.1289 0.0, -0.6062 0.0862 -0.315, -0.6062 0.0862 0.0, -0.578 0.0495 -0.315, -0.578 0.0495 0.0, -0.5413 0.0214 -0.315, -0.5413 0.0214 0.0, -0.4986 0.0037 -0.315, -0.4986 0.0037 0.0, -0.4528 -0.0024 -0.315, -0.4528 -0.0024 0.0, -0.4069 0.0037 -0.315, -0.4069 0.0037 0.0, -0.3642 0.0214 -0.315, -0.3642 0.0214 0.0, -0.3275 0.0495 -0.315, -0.3275 0.0495 0.0, -0.2993 0.0862 -0.315, -0.2993 0.0862 0.0, -0.2816 0.1289 -0.315, -0.2816 0.1289 0.0, -0.2756 0.1748 -0.315, -0.2756 0.1748 0.0, -0.2816 0.2207 -0.315, -0.2816 0.2207 0.0, -0.2993 0.2634 -0.315, -0.2993 0.2634 0.0, -0.3275 0.3001 -0.315, -0.3275 0.3001 0.0, -0.3642 0.3282 -0.315, -0.3642 0.3282 0.0, -0.4069 0.3459 -0.315, -0.4069 0.3459 0.0, -0.4528 0.352 -0.315, -0.4528 0.1748 -0.315
            ]
        }
        coordIndex [
            0,1,2,-1,2,1,3,-1,2,3,4,-1,4,3,5,-1,4,5,6,-1,6,5,7,-1,6,7,8,-1,8,7,9,-1,8,9,10,-1,10,9,11,-1,10,11,12,-1,12,11,13,-1,12,13,14,-1,14,13,15,-1,14,15,16,-1,16,15,17,-1,16,17,18,-1,18,17,19,-1,18,19,20,-1,20,19,21,-1,20,21,22,-1,22,21,23,-1,22,23,24,-1,24,23,25,-1,24,25,26,-1,26,25,27,-1,26,27,28,-1,28,27,29,-1,28,29,30,-1,30,29,31,-1,30,31,32,-1,32,31,33,-1,32,33,34,-1,34,33,35,-1,34,35,36,-1,36,35,37,-1,36,37,38,-1,38,37,39,-1,38,39,40,-1,40,39,41,-1,40,41,42,-1,42,41,43,-1,42,43,44,-1,44,43,45,-1,44,45,46,-1,46,45,47,-1,46,47,0,-1,0,47,1,-1,27,25,48,-1,48,25,23,-1,48,23,21,-1,33,31,48,-1,48,31,29,-1,48,29,27,-1,39,37,48,-1,48,37,35,-1,48,35,33,-1,45,43,48,-1,48,43,41,-1,48,41,39,-1,3,1,48,-1,48,1,47,-1,48,47,45,-1,9,7,48,-1,48,7,5,-1,48,5,3,-1,15,13,48,-1,48,13,11,-1,48,11,9,-1,21,19,48,-1,48,19,17,-1,48,17,15,-1,
        ]
    }
}
Shape{
    appearance Appearance {
        material  Material 	{
            diffuseColor 0.2235294117647059 0.2235294117647059 0.2235294117647059
            specularColor 0.11372549019607843 0.11372549019607843 0.11372549019607843
            ambientIntensity 0.2235
            transparency 0.0
            shininess 0.5
        }
    }
    geometry IndexedFaceSet {
        ccw TRUE
        solid FALSE
        coord DEF co Coordinate {
            point [
                0.538 0.9442 0.8923, 0.538 0.9442 0.4461, 0.537 0.9488 0.8923, 0.537 0.9488 0.4461, 0.537 0.949 0.8923, 0.537 0.949 0.4461, 0.5349 0.9532 0.8923, 0.5349 0.9532 0.4461, 0.5348 0.9533 0.8923, 0.5348 0.9533 0.4461, 0.5317 0.957 0.8923, 0.5317 0.957 0.4461, 0.5317 0.957 0.8923, 0.5317 0.957 0.4461, 0.5278 0.9598 0.8923, 0.5278 0.9598 0.4461, 0.5277 0.9598 0.8923, 0.5277 0.9598 0.4461, 0.5232 0.9616 0.8923, 0.5232 0.9616 0.4461, 0.5232 0.9616 0.8923, 0.5232 0.9616 0.4461, 0.5184 0.9622 0.4461, 0.5184 0.9622 0.8923, 0.5184 0.949 0.4275, 0.5184 0.9532 0.4296, 0.5221 0.9532 0.43, 0.5184 0.9533 0.4296, 0.5184 0.957 0.4327, 0.5214 0.957 0.433, 0.5205 0.9598 0.4369, 0.5195 0.9616 0.4413, 0.5205 0.9616 0.4417, 0.5227 0.9616 0.444, 0.5222 0.9616 0.443, 0.5231 0.9616 0.445, 0.5184 0.9616 0.4412, 0.5227 0.9446 0.4271, 0.5225 0.9488 0.4279, 0.5234 0.9446 0.4272, 0.5265 0.9488 0.4293, 0.5268 0.9448 0.4286, 0.5281 0.9449 0.4291, 0.53 0.9488 0.4315, 0.5305 0.9449 0.4309, 0.5322 0.9449 0.4322, 0.533 0.9488 0.4344, 0.5335 0.9449 0.434, 0.5353 0.9449 0.4363, 0.5352 0.9488 0.438, 0.5359 0.9448 0.4376, 0.5373 0.9446 0.441, 0.5366 0.9488 0.4419, 0.5374 0.9446 0.4417, 0.5184 0.957 0.4328, 0.5184 0.9598 0.4367, 0.5184 0.9598 0.4367, 0.5184 0.9616 0.4412, 0.5242 0.9598 0.4387, 0.5257 0.9598 0.4402, 0.5268 0.9598 0.442, 0.5275 0.9598 0.444, 0.5225 0.9598 0.4376, 0.5214 0.9616 0.4423, 0.5242 0.957 0.434, 0.5267 0.957 0.4356, 0.5288 0.957 0.4377, 0.5304 0.957 0.4403, 0.5314 0.957 0.4431, 0.5255 0.9532 0.4312, 0.5287 0.9532 0.4332, 0.5313 0.9532 0.4358, 0.5333 0.9532 0.4389, 0.5345 0.9532 0.4424, 0.5184 0.9442 0.4265, 0.5184 0.9488 0.4274, 0.5345 0.9532 0.896, 0.5314 0.957 0.8953, 0.5275 0.9598 0.8944, 0.5231 0.9616 0.8934, 0.5227 0.9616 0.8944, 0.5205 0.9616 0.8966, 0.5214 0.9616 0.8961, 0.5195 0.9616 0.897, 0.5374 0.9446 0.8966, 0.5366 0.9488 0.8964, 0.5373 0.9446 0.8973, 0.5352 0.9488 0.9004, 0.5359 0.9448 0.9007, 0.5353 0.9449 0.902, 0.533 0.9488 0.9039, 0.5335 0.9449 0.9044, 0.5322 0.9449 0.9061, 0.53 0.9488 0.9069, 0.5305 0.9449 0.9074, 0.5281 0.9449 0.9092, 0.5265 0.9488 0.9091, 0.5268 0.9448 0.9098, 0.5234 0.9446 0.9112, 0.5225 0.9488 0.9105, 0.5227 0.9446 0.9113, 0.5184 0.9488 0.9109, 0.5184 0.9442 0.9119, 0.5184 0.9616 0.8971, 0.5257 0.9598 0.8981, 0.5242 0.9598 0.8996, 0.5225 0.9598 0.9007, 0.5205 0.9598 0.9014, 0.5268 0.9598 0.8964, 0.5222 0.9616 0.8953, 0.5184 0.9616 0.8971, 0.5184 0.9598 0.9016, 0.5184 0.9598 0.9017, 0.5184 0.957 0.9056, 0.5304 0.957 0.8981, 0.5288 0.957 0.9006, 0.5267 0.957 0.9027, 0.5242 0.957 0.9043, 0.5214 0.957 0.9053, 0.5333 0.9532 0.8994, 0.5313 0.9532 0.9026, 0.5287 0.9532 0.9052, 0.5255 0.9532 0.9072, 0.5221 0.9532 0.9084, 0.5184 0.957 0.9056, 0.5184 0.9533 0.9087, 0.5184 0.9532 0.9088, 0.5184 0.949 0.9109, 0.5497 0.5865 0.3952, 0.5548 0.5861 0.3958, 0.5548 0.5861 0.3958, 0.5596 0.5859 0.3977, 0.5596 0.5859 0.3977, 0.5636 0.5858 0.4008, 0.5667 0.5859 0.4049, 0.5667 0.5859 0.4049, 0.5687 0.5861 0.4096, 0.5687 0.5861 0.4096, 0.5693 0.5865 0.4148, -0.5184 0.9442 0.4265, -0.5184 0.9488 0.4274, -0.5184 0.949 0.4275, -0.5184 0.9532 0.4296, -0.5184 0.9533 0.4296, -0.5184 0.957 0.4327, -0.5184 0.957 0.4328, -0.5184 0.9598 0.4367, -0.5184 0.9598 0.4367, -0.5184 0.9616 0.4412, -0.5184 0.9616 0.4412, -0.5184 0.9622 0.4461, -0.538 0.9442 0.4461, -0.538 0.9442 0.8923, -0.537 0.9488 0.4461, -0.537 0.9488 0.8923, -0.537 0.949 0.4461, -0.537 0.949 0.8923, -0.5349 0.9532 0.4461, -0.5349 0.9532 0.8923, -0.5348 0.9533 0.4461, -0.5348 0.9533 0.8923, -0.5317 0.957 0.4461, -0.5317 0.957 0.8923, -0.5317 0.957 0.4461, -0.5317 0.957 0.8923, -0.5278 0.9598 0.4461, -0.5278 0.9598 0.8923, -0.5277 0.9598 0.4461, -0.5277 0.9598 0.8923, -0.5232 0.9616 0.4461, -0.5232 0.9616 0.8923, -0.5232 0.9616 0.4461, -0.5232 0.9616 0.8923, -0.5184 0.9622 0.8923, -0.5184 0.9442 0.9119, -0.5184 0.9488 0.9109, -0.5184 0.949 0.9109, -0.5184 0.9532 0.9088, -0.5184 0.9533 0.9087, -0.5184 0.957 0.9056, -0.5184 0.957 0.9056, -0.5184 0.9598 0.9017, -0.5184 0.9598 0.9016, -0.5184 0.9616 0.8971, -0.5184 0.9616 0.8971, 0.5693 0.5865 0.9236, 0.5687 0.5861 0.9287, 0.5687 0.5861 0.9287, 0.5667 0.5859 0.9334, 0.5667 0.5859 0.9335, 0.5636 0.5858 0.9375, 0.5596 0.5859 0.9406, 0.5596 0.5859 0.9406, 0.5548 0.5861 0.9425, 0.5548 0.5861 0.9426, 0.5497 0.5865 0.9432, 0.5889 0.5685 0.9236, 0.5889 0.5685 0.4148, 0.5841 0.5691 0.9236, 0.5841 0.5691 0.4148, 0.5796 0.5709 0.9236, 0.5796 0.5709 0.4148, 0.5756 0.5737 0.9236, 0.5756 0.5737 0.4148, 0.5725 0.5774 0.9236, 0.5725 0.5774 0.4148, 0.5703 0.5817 0.9236, 0.5703 0.5817 0.4148, 0.5551 0.5814 0.3947, 0.5601 0.5812 0.3967, 0.583 0.5691 0.4058, 0.5876 0.5685 0.4046, 0.5718 0.5772 0.4088, 0.5697 0.5814 0.4093, 0.5677 0.5812 0.4043, 0.5644 0.5812 0.4, 0.5696 0.577 0.4032, 0.5749 0.5735 0.408, 0.566 0.577 0.3985, 0.5723 0.5735 0.4016, 0.5786 0.5708 0.407, 0.5693 0.5685 0.3808, 0.5599 0.5685 0.3769, 0.567 0.5691 0.3849, 0.5587 0.5691 0.3815, 0.5575 0.5708 0.3858, 0.5774 0.5685 0.387, 0.5741 0.5691 0.3903, 0.5648 0.5708 0.3887, 0.5565 0.5735 0.3896, 0.5836 0.5685 0.3951, 0.5796 0.5691 0.3975, 0.571 0.5707 0.3935, 0.5628 0.5735 0.3921, 0.5557 0.5772 0.3926, 0.5757 0.5708 0.3997, 0.5682 0.5734 0.3962, 0.5612 0.577 0.3948, 0.5497 0.5817 0.3941, 0.5497 0.5774 0.392, 0.5497 0.5737 0.3888, 0.5497 0.5709 0.3849, 0.5497 0.5691 0.3804, 0.5497 0.5685 0.3755, -0.5345 0.9532 0.4424, -0.5314 0.957 0.4431, -0.5275 0.9598 0.444, -0.5231 0.9616 0.445, -0.5227 0.9616 0.444, -0.5205 0.9616 0.4417, -0.5214 0.9616 0.4423, -0.5195 0.9616 0.4413, -0.5374 0.9446 0.4417, -0.5366 0.9488 0.4419, -0.5373 0.9446 0.441, -0.5352 0.9488 0.438, -0.5359 0.9448 0.4376, -0.5353 0.9449 0.4363, -0.533 0.9488 0.4344, -0.5335 0.9449 0.434, -0.5322 0.9449 0.4322, -0.53 0.9488 0.4315, -0.5305 0.9449 0.4309, -0.5281 0.9449 0.4291, -0.5265 0.9488 0.4293, -0.5268 0.9448 0.4286, -0.5234 0.9446 0.4272, -0.5225 0.9488 0.4279, -0.5227 0.9446 0.4271, -0.5257 0.9598 0.4402, -0.5242 0.9598 0.4387, -0.5225 0.9598 0.4376, -0.5205 0.9598 0.4369, -0.5268 0.9598 0.442, -0.5222 0.9616 0.443, -0.5304 0.957 0.4403, -0.5288 0.957 0.4377, -0.5267 0.957 0.4356, -0.5242 0.957 0.434, -0.5214 0.957 0.433, -0.5333 0.9532 0.4389, -0.5313 0.9532 0.4358, -0.5287 0.9532 0.4332, -0.5255 0.9532 0.4312, -0.5221 0.9532 0.43, -0.5221 0.9532 0.9084, -0.5214 0.957 0.9053, -0.5205 0.9598 0.9014, -0.5195 0.9616 0.897, -0.5205 0.9616 0.8966, -0.5227 0.9616 0.8944, -0.5222 0.9616 0.8953, -0.5231 0.9616 0.8934, -0.5227 0.9446 0.9113, -0.5225 0.9488 0.9105, -0.5234 0.9446 0.9112, -0.5265 0.9488 0.9091, -0.5268 0.9448 0.9098, -0.5281 0.9449 0.9092, -0.53 0.9488 0.9069, -0.5305 0.9449 0.9074, -0.5322 0.9449 0.9061, -0.533 0.9488 0.9039, -0.5335 0.9449 0.9044, -0.5353 0.9449 0.902, -0.5352 0.9488 0.9004, -0.5359 0.9448 0.9007, -0.5373 0.9446 0.8973, -0.5366 0.9488 0.8964, -0.5374 0.9446 0.8966, -0.5242 0.9598 0.8996, -0.5257 0.9598 0.8981, -0.5268 0.9598 0.8964, -0.5275 0.9598 0.8944, -0.5225 0.9598 0.9007, -0.5214 0.9616 0.8961, -0.5242 0.957 0.9043, -0.5267 0.957 0.9027, -0.5288 0.957 0.9006, -0.5304 0.957 0.8981, -0.5314 0.957 0.8953, -0.5255 0.9532 0.9072, -0.5287 0.9532 0.9052, -0.5313 0.9532 0.9026, -0.5333 0.9532 0.8994, -0.5345 0.9532 0.896, 0.5697 0.5814 0.929, 0.5677 0.5812 0.934, 0.5587 0.5691 0.9569, 0.5497 0.5691 0.958, 0.5599 0.5685 0.9615, 0.5497 0.5685 0.9628, 0.5497 0.5817 0.9442, 0.5497 0.5774 0.9464, 0.5557 0.5772 0.9457, 0.5551 0.5814 0.9436, 0.5601 0.5812 0.9416, 0.5644 0.5812 0.9383, 0.5612 0.577 0.9435, 0.5565 0.5735 0.9487, 0.5497 0.5737 0.9495, 0.566 0.577 0.9399, 0.5628 0.5735 0.9462, 0.5575 0.5708 0.9525, 0.5497 0.5709 0.9535, 0.5836 0.5685 0.9432, 0.5876 0.5685 0.9338, 0.5796 0.5691 0.9409, 0.583 0.5691 0.9325, 0.5786 0.5708 0.9314, 0.5774 0.5685 0.9513, 0.5741 0.5691 0.948, 0.5757 0.5708 0.9387, 0.5749 0.5735 0.9304, 0.5693 0.5685 0.9575, 0.567 0.5691 0.9535, 0.571 0.5707 0.9449, 0.5723 0.5735 0.9367, 0.5718 0.5772 0.9296, 0.5648 0.5708 0.9496, 0.5682 0.5734 0.9421, 0.5696 0.577 0.9351, -0.5497 0.5685 0.3755, -0.5497 0.5691 0.3804, -0.5497 0.5709 0.3849, -0.5497 0.5737 0.3888, -0.5497 0.5774 0.392, -0.5497 0.5817 0.3941, -0.5497 0.5865 0.3952, -0.5693 0.5865 0.4148, -0.5687 0.5861 0.4096, -0.5687 0.5861 0.4096, -0.5667 0.5859 0.4049, -0.5667 0.5859 0.4049, -0.5636 0.5858 0.4008, -0.5596 0.5859 0.3977, -0.5596 0.5859 0.3977, -0.5548 0.5861 0.3958, -0.5548 0.5861 0.3958, -0.5497 0.5865 0.9432, -0.5548 0.5861 0.9426, -0.5548 0.5861 0.9425, -0.5596 0.5859 0.9406, -0.5596 0.5859 0.9406, -0.5636 0.5858 0.9375, -0.5667 0.5859 0.9335, -0.5667 0.5859 0.9334, -0.5687 0.5861 0.9287, -0.5687 0.5861 0.9287, -0.5693 0.5865 0.9236, -0.5497 0.5685 0.9628, -0.5497 0.5691 0.958, -0.5497 0.5709 0.9535, -0.5497 0.5737 0.9495, -0.5497 0.5774 0.9464, -0.5497 0.5817 0.9442, -0.5697 0.5814 0.4093, -0.5677 0.5812 0.4043, -0.5587 0.5691 0.3815, -0.5599 0.5685 0.3769, -0.5557 0.5772 0.3926, -0.5551 0.5814 0.3947, -0.5601 0.5812 0.3967, -0.5644 0.5812 0.4, -0.5612 0.577 0.3948, -0.5565 0.5735 0.3896, -0.566 0.577 0.3985, -0.5628 0.5735 0.3921, -0.5575 0.5708 0.3858, -0.5836 0.5685 0.3951, -0.5876 0.5685 0.4046, -0.5796 0.5691 0.3975, -0.583 0.5691 0.4058, -0.5786 0.5708 0.407, -0.5774 0.5685 0.387, -0.5741 0.5691 0.3903, -0.5757 0.5708 0.3997, -0.5749 0.5735 0.408, -0.5693 0.5685 0.3808, -0.567 0.5691 0.3849, -0.571 0.5707 0.3935, -0.5723 0.5735 0.4016, -0.5718 0.5772 0.4088, -0.5648 0.5708 0.3887, -0.5682 0.5734 0.3962, -0.5696 0.577 0.4032, -0.5703 0.5817 0.4148, -0.5725 0.5774 0.4148, -0.5756 0.5737 0.4148, -0.5796 0.5709 0.4148, -0.5841 0.5691 0.4148, -0.5889 0.5685 0.4148, -0.5551 0.5814 0.9436, -0.5601 0.5812 0.9416, -0.583 0.5691 0.9325, -0.5841 0.5691 0.9236, -0.5876 0.5685 0.9338, -0.5889 0.5685 0.9236, -0.5703 0.5817 0.9236, -0.5725 0.5774 0.9236, -0.5718 0.5772 0.9296, -0.5697 0.5814 0.929, -0.5677 0.5812 0.934, -0.5644 0.5812 0.9383, -0.5696 0.577 0.9351, -0.5749 0.5735 0.9304, -0.5756 0.5737 0.9236, -0.566 0.577 0.9399, -0.5723 0.5735 0.9367, -0.5786 0.5708 0.9314, -0.5796 0.5709 0.9236, -0.5693 0.5685 0.9575, -0.5599 0.5685 0.9615, -0.567 0.5691 0.9535, -0.5587 0.5691 0.9569, -0.5575 0.5708 0.9525, -0.5774 0.5685 0.9513, -0.5741 0.5691 0.948, -0.5648 0.5708 0.9496, -0.5565 0.5735 0.9487, -0.5836 0.5685 0.9432, -0.5796 0.5691 0.9409, -0.571 0.5707 0.9449, -0.5628 0.5735 0.9462, -0.5557 0.5772 0.9457, -0.5757 0.5708 0.9387, -0.5682 0.5734 0.9421, -0.5612 0.577 0.9435
            ]
        }
        coordIndex [
            0,1,2,-1,2,1,3,-1,2,3,4,-1,4,3,5,-1,4,5,6,-1,6,5,7,-1,6,7,8,-1,8,7,9,-1,8,9,10,-1,10,9,11,-1,10,11,12,-1,12,11,13,-1,12,13,14,-1,14,13,15,-1,14,15,16,-1,16,15,17,-1,16,17,18,-1,18,17,19,-1,18,19,20,-1,19,21,20,-1,20,21,22,-1,20,22,23,-1,24,25,26,-1,27,28,29,-1,30,31,32,-1,22,33,34,-1,35,33,22,-1,32,31,22,-1,36,22,31,-1,37,38,39,-1,39,38,40,-1,39,40,41,-1,41,40,42,-1,42,40,43,-1,42,43,44,-1,44,43,45,-1,45,43,46,-1,45,46,47,-1,47,46,48,-1,48,46,49,-1,48,49,50,-1,50,49,51,-1,51,49,52,-1,51,52,53,-1,53,52,3,-1,53,3,1,-1,21,35,22,-1,54,55,30,-1,30,55,56,-1,30,56,31,-1,31,56,57,-1,31,57,36,-1,58,34,59,-1,59,34,33,-1,59,33,60,-1,60,33,35,-1,60,35,61,-1,28,54,29,-1,29,54,30,-1,29,30,62,-1,62,30,32,-1,62,32,63,-1,63,32,22,-1,21,19,35,-1,35,19,17,-1,35,17,61,-1,61,17,15,-1,61,15,13,-1,64,58,65,-1,65,58,59,-1,65,59,66,-1,66,59,60,-1,66,60,67,-1,67,60,61,-1,67,61,68,-1,68,61,13,-1,26,64,69,-1,69,64,65,-1,69,65,70,-1,70,65,66,-1,70,66,71,-1,71,66,67,-1,71,67,72,-1,72,67,68,-1,72,68,73,-1,25,27,26,-1,26,27,29,-1,26,29,64,-1,64,29,62,-1,64,62,58,-1,58,62,63,-1,58,63,34,-1,34,63,22,-1,37,74,38,-1,38,74,75,-1,38,75,24,-1,13,11,68,-1,68,11,9,-1,68,9,73,-1,73,9,7,-1,73,7,5,-1,24,26,38,-1,38,26,69,-1,38,69,40,-1,40,69,70,-1,40,70,43,-1,43,70,71,-1,43,71,46,-1,46,71,72,-1,46,72,49,-1,49,72,73,-1,49,73,52,-1,52,73,5,-1,52,5,3,-1,4,6,76,-1,8,10,77,-1,78,79,80,-1,23,81,82,-1,83,81,23,-1,80,79,23,-1,20,23,79,-1,84,85,86,-1,86,85,87,-1,86,87,88,-1,88,87,89,-1,89,87,90,-1,89,90,91,-1,91,90,92,-1,92,90,93,-1,92,93,94,-1,94,93,95,-1,95,93,96,-1,95,96,97,-1,97,96,98,-1,98,96,99,-1,98,99,100,-1,100,99,101,-1,100,101,102,-1,103,83,23,-1,12,14,78,-1,78,14,16,-1,78,16,79,-1,79,16,18,-1,79,18,20,-1,104,82,105,-1,105,82,81,-1,105,81,106,-1,106,81,83,-1,106,83,107,-1,10,12,77,-1,77,12,78,-1,77,78,108,-1,108,78,80,-1,108,80,109,-1,109,80,23,-1,103,110,83,-1,83,110,111,-1,83,111,107,-1,107,111,112,-1,107,112,113,-1,114,104,115,-1,115,104,105,-1,115,105,116,-1,116,105,106,-1,116,106,117,-1,117,106,107,-1,117,107,118,-1,118,107,113,-1,76,114,119,-1,119,114,115,-1,119,115,120,-1,120,115,116,-1,120,116,121,-1,121,116,117,-1,121,117,122,-1,122,117,118,-1,122,118,123,-1,6,8,76,-1,76,8,77,-1,76,77,114,-1,114,77,108,-1,114,108,104,-1,104,108,109,-1,104,109,82,-1,82,109,23,-1,84,0,85,-1,85,0,2,-1,85,2,4,-1,113,124,118,-1,118,124,125,-1,118,125,123,-1,123,125,126,-1,123,126,127,-1,4,76,85,-1,85,76,119,-1,85,119,87,-1,87,119,120,-1,87,120,90,-1,90,120,121,-1,90,121,93,-1,93,121,122,-1,93,122,96,-1,96,122,123,-1,96,123,99,-1,99,123,127,-1,99,127,101,-1,128,74,37,-1,128,37,129,-1,129,37,39,-1,129,39,130,-1,130,39,41,-1,130,41,131,-1,131,41,42,-1,131,42,132,-1,132,42,44,-1,132,44,133,-1,44,45,133,-1,133,45,47,-1,133,47,134,-1,134,47,48,-1,134,48,135,-1,135,48,136,-1,136,48,50,-1,136,50,137,-1,137,50,51,-1,137,51,138,-1,138,51,53,-1,138,53,1,-1,74,139,75,-1,75,139,140,-1,75,140,24,-1,24,140,141,-1,24,141,25,-1,25,141,142,-1,25,142,27,-1,27,142,143,-1,27,143,28,-1,28,143,144,-1,28,144,54,-1,54,144,145,-1,54,145,55,-1,55,145,146,-1,55,146,56,-1,56,146,147,-1,56,147,57,-1,57,147,148,-1,57,148,36,-1,148,149,36,-1,36,149,150,-1,36,150,22,-1,151,152,153,-1,153,152,154,-1,153,154,155,-1,155,154,156,-1,155,156,157,-1,157,156,158,-1,157,158,159,-1,159,158,160,-1,159,160,161,-1,161,160,162,-1,161,162,163,-1,163,162,164,-1,163,164,165,-1,165,164,166,-1,165,166,167,-1,167,166,168,-1,167,168,169,-1,169,168,170,-1,169,170,171,-1,170,172,171,-1,171,172,173,-1,171,173,150,-1,174,102,175,-1,175,102,101,-1,175,101,176,-1,176,101,127,-1,176,127,177,-1,177,127,126,-1,177,126,178,-1,178,126,125,-1,178,125,179,-1,179,125,124,-1,179,124,180,-1,180,124,113,-1,180,113,181,-1,181,113,112,-1,181,112,182,-1,182,112,111,-1,182,111,183,-1,183,111,110,-1,183,110,184,-1,110,103,184,-1,184,103,23,-1,184,23,173,-1,185,0,84,-1,185,84,186,-1,186,84,86,-1,186,86,187,-1,187,86,88,-1,187,88,188,-1,188,88,89,-1,188,89,189,-1,189,89,91,-1,189,91,190,-1,91,92,190,-1,190,92,94,-1,190,94,191,-1,191,94,95,-1,191,95,192,-1,192,95,193,-1,193,95,97,-1,193,97,194,-1,194,97,98,-1,194,98,195,-1,195,98,100,-1,195,100,102,-1,196,197,198,-1,198,197,199,-1,198,199,200,-1,200,199,201,-1,200,201,202,-1,202,201,203,-1,202,203,204,-1,204,203,205,-1,204,205,206,-1,206,205,207,-1,206,207,185,-1,185,207,138,-1,129,130,208,-1,131,132,209,-1,210,199,211,-1,211,199,197,-1,207,205,212,-1,207,212,213,-1,213,212,214,-1,213,214,134,-1,134,135,213,-1,213,135,136,-1,213,136,207,-1,207,136,137,-1,207,137,138,-1,133,134,215,-1,215,134,214,-1,215,214,216,-1,216,214,212,-1,216,212,217,-1,217,212,205,-1,217,205,203,-1,132,133,209,-1,209,133,215,-1,209,215,218,-1,218,215,216,-1,218,216,219,-1,219,216,217,-1,219,217,220,-1,220,217,203,-1,220,203,201,-1,221,222,223,-1,223,222,224,-1,223,224,225,-1,226,221,227,-1,227,221,223,-1,227,223,228,-1,228,223,225,-1,228,225,229,-1,230,226,231,-1,231,226,227,-1,231,227,232,-1,232,227,228,-1,232,228,233,-1,233,228,229,-1,233,229,234,-1,211,230,210,-1,210,230,231,-1,210,231,235,-1,235,231,232,-1,235,232,236,-1,236,232,233,-1,236,233,237,-1,237,233,234,-1,237,234,208,-1,130,131,208,-1,208,131,209,-1,208,209,237,-1,237,209,218,-1,237,218,236,-1,236,218,219,-1,236,219,235,-1,235,219,220,-1,235,220,210,-1,210,220,201,-1,210,201,199,-1,128,129,238,-1,238,129,208,-1,238,208,239,-1,239,208,234,-1,239,234,240,-1,240,234,229,-1,240,229,241,-1,241,229,225,-1,241,225,242,-1,242,225,224,-1,242,224,243,-1,243,224,222,-1,155,157,244,-1,159,161,245,-1,246,247,248,-1,150,249,250,-1,251,249,150,-1,248,247,150,-1,171,150,247,-1,252,253,254,-1,254,253,255,-1,254,255,256,-1,256,255,257,-1,257,255,258,-1,257,258,259,-1,259,258,260,-1,260,258,261,-1,260,261,262,-1,262,261,263,-1,263,261,264,-1,263,264,265,-1,265,264,266,-1,266,264,267,-1,266,267,268,-1,268,267,140,-1,268,140,139,-1,149,251,150,-1,163,165,246,-1,246,165,167,-1,246,167,247,-1,247,167,169,-1,247,169,171,-1,269,250,270,-1,270,250,249,-1,270,249,271,-1,271,249,251,-1,271,251,272,-1,161,163,245,-1,245,163,246,-1,245,246,273,-1,273,246,248,-1,273,248,274,-1,274,248,150,-1,149,148,251,-1,251,148,147,-1,251,147,272,-1,272,147,146,-1,272,146,145,-1,275,269,276,-1,276,269,270,-1,276,270,277,-1,277,270,271,-1,277,271,278,-1,278,271,272,-1,278,272,279,-1,279,272,145,-1,244,275,280,-1,280,275,276,-1,280,276,281,-1,281,276,277,-1,281,277,282,-1,282,277,278,-1,282,278,283,-1,283,278,279,-1,283,279,284,-1,157,159,244,-1,244,159,245,-1,244,245,275,-1,275,245,273,-1,275,273,269,-1,269,273,274,-1,269,274,250,-1,250,274,150,-1,252,151,253,-1,253,151,153,-1,253,153,155,-1,145,144,279,-1,279,144,143,-1,279,143,284,-1,284,143,142,-1,284,142,141,-1,155,244,253,-1,253,244,280,-1,253,280,255,-1,255,280,281,-1,255,281,258,-1,258,281,282,-1,258,282,261,-1,261,282,283,-1,261,283,264,-1,264,283,284,-1,264,284,267,-1,267,284,141,-1,267,141,140,-1,176,177,285,-1,178,179,286,-1,287,288,289,-1,173,290,291,-1,292,290,173,-1,289,288,173,-1,184,173,288,-1,293,294,295,-1,295,294,296,-1,295,296,297,-1,297,296,298,-1,298,296,299,-1,298,299,300,-1,300,299,301,-1,301,299,302,-1,301,302,303,-1,303,302,304,-1,304,302,305,-1,304,305,306,-1,306,305,307,-1,307,305,308,-1,307,308,309,-1,309,308,154,-1,309,154,152,-1,172,292,173,-1,180,181,287,-1,287,181,182,-1,287,182,288,-1,288,182,183,-1,288,183,184,-1,310,291,311,-1,311,291,290,-1,311,290,312,-1,312,290,292,-1,312,292,313,-1,179,180,286,-1,286,180,287,-1,286,287,314,-1,314,287,289,-1,314,289,315,-1,315,289,173,-1,172,170,292,-1,292,170,168,-1,292,168,313,-1,313,168,166,-1,313,166,164,-1,316,310,317,-1,317,310,311,-1,317,311,318,-1,318,311,312,-1,318,312,319,-1,319,312,313,-1,319,313,320,-1,320,313,164,-1,285,316,321,-1,321,316,317,-1,321,317,322,-1,322,317,318,-1,322,318,323,-1,323,318,319,-1,323,319,324,-1,324,319,320,-1,324,320,325,-1,177,178,285,-1,285,178,286,-1,285,286,316,-1,316,286,314,-1,316,314,310,-1,310,314,315,-1,310,315,291,-1,291,315,173,-1,293,174,294,-1,294,174,175,-1,294,175,176,-1,164,162,320,-1,320,162,160,-1,320,160,325,-1,325,160,158,-1,325,158,156,-1,176,285,294,-1,294,285,321,-1,294,321,296,-1,296,321,322,-1,296,322,299,-1,299,322,323,-1,299,323,302,-1,302,323,324,-1,302,324,305,-1,305,324,325,-1,305,325,308,-1,308,325,156,-1,308,156,154,-1,186,187,326,-1,188,189,327,-1,328,329,330,-1,330,329,331,-1,332,333,334,-1,332,334,335,-1,335,334,336,-1,335,336,191,-1,191,192,335,-1,335,192,193,-1,335,193,332,-1,332,193,194,-1,332,194,195,-1,190,191,337,-1,337,191,336,-1,337,336,338,-1,338,336,334,-1,338,334,339,-1,339,334,333,-1,339,333,340,-1,189,190,327,-1,327,190,337,-1,327,337,341,-1,341,337,338,-1,341,338,342,-1,342,338,339,-1,342,339,343,-1,343,339,340,-1,343,340,344,-1,345,346,347,-1,347,346,348,-1,347,348,349,-1,350,345,351,-1,351,345,347,-1,351,347,352,-1,352,347,349,-1,352,349,353,-1,354,350,355,-1,355,350,351,-1,355,351,356,-1,356,351,352,-1,356,352,357,-1,357,352,353,-1,357,353,358,-1,330,354,328,-1,328,354,355,-1,328,355,359,-1,359,355,356,-1,359,356,360,-1,360,356,357,-1,360,357,361,-1,361,357,358,-1,361,358,326,-1,187,188,326,-1,326,188,327,-1,326,327,361,-1,361,327,341,-1,361,341,360,-1,360,341,342,-1,360,342,359,-1,359,342,343,-1,359,343,328,-1,328,343,344,-1,328,344,329,-1,185,186,206,-1,206,186,326,-1,206,326,204,-1,204,326,358,-1,204,358,202,-1,202,358,353,-1,202,353,200,-1,200,353,349,-1,200,349,198,-1,198,349,348,-1,198,348,196,-1,196,348,346,-1,243,362,242,-1,242,362,363,-1,242,363,241,-1,241,363,364,-1,241,364,240,-1,240,364,365,-1,240,365,239,-1,239,365,366,-1,239,366,238,-1,238,366,367,-1,238,367,128,-1,128,367,368,-1,369,151,252,-1,369,252,370,-1,370,252,254,-1,370,254,371,-1,371,254,256,-1,371,256,372,-1,372,256,257,-1,372,257,373,-1,373,257,259,-1,373,259,374,-1,259,260,374,-1,374,260,262,-1,374,262,375,-1,375,262,263,-1,375,263,376,-1,376,263,377,-1,377,263,265,-1,377,265,378,-1,378,265,266,-1,378,266,368,-1,368,266,268,-1,368,268,139,-1,379,174,293,-1,379,293,380,-1,380,293,295,-1,380,295,381,-1,381,295,297,-1,381,297,382,-1,382,297,298,-1,382,298,383,-1,383,298,300,-1,383,300,384,-1,300,301,384,-1,384,301,303,-1,384,303,385,-1,385,303,304,-1,385,304,386,-1,386,304,387,-1,387,304,306,-1,387,306,388,-1,388,306,307,-1,388,307,389,-1,389,307,309,-1,389,309,152,-1,390,331,391,-1,391,331,329,-1,391,329,392,-1,392,329,344,-1,392,344,393,-1,393,344,340,-1,393,340,394,-1,394,340,333,-1,394,333,395,-1,395,333,332,-1,395,332,379,-1,379,332,195,-1,370,371,396,-1,372,373,397,-1,398,363,399,-1,399,363,362,-1,367,366,400,-1,367,400,401,-1,401,400,402,-1,401,402,375,-1,375,376,401,-1,401,376,377,-1,401,377,367,-1,367,377,378,-1,367,378,368,-1,374,375,403,-1,403,375,402,-1,403,402,404,-1,404,402,400,-1,404,400,405,-1,405,400,366,-1,405,366,365,-1,373,374,397,-1,397,374,403,-1,397,403,406,-1,406,403,404,-1,406,404,407,-1,407,404,405,-1,407,405,408,-1,408,405,365,-1,408,365,364,-1,409,410,411,-1,411,410,412,-1,411,412,413,-1,414,409,415,-1,415,409,411,-1,415,411,416,-1,416,411,413,-1,416,413,417,-1,418,414,419,-1,419,414,415,-1,419,415,420,-1,420,415,416,-1,420,416,421,-1,421,416,417,-1,421,417,422,-1,399,418,398,-1,398,418,419,-1,398,419,423,-1,423,419,420,-1,423,420,424,-1,424,420,421,-1,424,421,425,-1,425,421,422,-1,425,422,396,-1,371,372,396,-1,396,372,397,-1,396,397,425,-1,425,397,406,-1,425,406,424,-1,424,406,407,-1,424,407,423,-1,423,407,408,-1,423,408,398,-1,398,408,364,-1,398,364,363,-1,369,370,426,-1,426,370,396,-1,426,396,427,-1,427,396,422,-1,427,422,428,-1,428,422,417,-1,428,417,429,-1,429,417,413,-1,429,413,430,-1,430,413,412,-1,430,412,431,-1,431,412,410,-1,380,381,432,-1,382,383,433,-1,434,435,436,-1,436,435,437,-1,438,439,440,-1,438,440,441,-1,441,440,442,-1,441,442,385,-1,385,386,441,-1,441,386,387,-1,441,387,438,-1,438,387,388,-1,438,388,389,-1,384,385,443,-1,443,385,442,-1,443,442,444,-1,444,442,440,-1,444,440,445,-1,445,440,439,-1,445,439,446,-1,383,384,433,-1,433,384,443,-1,433,443,447,-1,447,443,444,-1,447,444,448,-1,448,444,445,-1,448,445,449,-1,449,445,446,-1,449,446,450,-1,451,452,453,-1,453,452,454,-1,453,454,455,-1,456,451,457,-1,457,451,453,-1,457,453,458,-1,458,453,455,-1,458,455,459,-1,460,456,461,-1,461,456,457,-1,461,457,462,-1,462,457,458,-1,462,458,463,-1,463,458,459,-1,463,459,464,-1,436,460,434,-1,434,460,461,-1,434,461,465,-1,465,461,462,-1,465,462,466,-1,466,462,463,-1,466,463,467,-1,467,463,464,-1,467,464,432,-1,381,382,432,-1,432,382,433,-1,432,433,467,-1,467,433,447,-1,467,447,466,-1,466,447,448,-1,466,448,465,-1,465,448,449,-1,465,449,434,-1,434,449,450,-1,434,450,435,-1,379,380,395,-1,395,380,432,-1,395,432,394,-1,394,432,464,-1,394,464,393,-1,393,464,459,-1,393,459,392,-1,392,459,455,-1,392,455,391,-1,391,455,454,-1,391,454,390,-1,390,454,452,-1,431,437,430,-1,430,437,435,-1,430,435,429,-1,429,435,450,-1,429,450,428,-1,428,450,446,-1,428,446,427,-1,427,446,439,-1,427,439,426,-1,426,439,438,-1,426,438,369,-1,369,438,389,-1,
        ]
    }
}
Shape{
    appearance Appearance {
        material  Material 	{
            diffuseColor 0.9647058823529412 1.0 0.4980392156862745
            specularColor 0.4823529411764706 0.5019607843137255 0.25098039215686274
            ambientIntensity 0.9322
            transparency 0.0
            shininess 0.5
        }
    }
    geometry IndexedFaceSet {
        ccw TRUE
        solid FALSE
        coord DEF co Coordinate {
            point [
                1.4961 0.1748 0.3345, 1.5354 0.1748 0.3345, 1.4961 0.4898 0.3345, 1.5354 0.4898 0.3345, 1.4947 0.5 0.3345, 1.5327 0.5101 0.3345, 1.4908 0.5094 0.3345, 1.5249 0.5291 0.3345, 1.4845 0.5176 0.3345, 1.5124 0.5454 0.3345, 1.4764 0.5239 0.3345, 1.4961 0.558 0.3345, 1.4669 0.5278 0.3345, 1.4771 0.5658 0.3345, 1.4567 0.5291 0.3345, 1.4567 0.5685 0.3345, 1.4413 0.5291 0.3345, 1.378 0.5685 0.3345, 1.4413 -0.4158 0.3345, 1.378 -0.4158 0.3345, -1.378 -0.337 1.3238, -1.378 0.5291 1.0479, -1.378 -0.337 1.1858, -1.378 -0.4158 1.0479, -1.378 -0.4158 1.1858, -1.378 0.5291 1.3581, -1.378 0.5685 1.3581, -1.378 0.5291 1.3238, -1.378 0.5685 0.3345, -1.378 -0.4158 0.3345, -1.378 -0.4158 0.3717, -1.378 0.5291 0.5496, -1.378 -0.4158 0.5496, -1.4305 -0.4158 0.3345, -1.4305 0.5291 0.3345, -1.4567 0.5291 0.3345, -1.4567 0.5685 0.3345, -1.4669 0.5278 0.3345, -1.4771 0.5658 0.3345, -1.4764 0.5239 0.3345, -1.4961 0.558 0.3345, -1.4845 0.5176 0.3345, -1.5124 0.5454 0.3345, -1.4908 0.5094 0.3345, -1.5249 0.5291 0.3345, -1.4947 0.5 0.3345, -1.5328 0.5101 0.3345, -1.4961 0.4898 0.3345, -1.5354 0.4898 0.3345, -1.4961 0.1748 0.3345, -1.5354 0.1748 0.3345, -1.2513 -0.4158 1.0479, -1.2513 0.5291 1.0479, -1.2513 0.5291 0.5496, -1.2513 -0.4158 0.5496, -1.2513 -0.4158 0.851, -1.2513 -0.4158 0.855, -1.2513 -0.4158 1.0402, -1.2513 -0.4158 0.6435, -1.4734 0.5291 0.1574, -1.4734 0.5254 0.1574, -1.4734 0.5291 -0.0198, -1.4734 0.5254 -0.0198, -1.4669 0.5278 0.1574, -1.4567 0.5291 0.1574, -1.2858 -0.4158 0.1574, -1.4305 -0.4158 0.1574, -1.2858 0.5291 0.1574, -1.4305 0.5291 0.1574, -1.2858 -0.4158 0.1297, -1.2858 0.5291 0.0, -1.2858 -0.4158 0.0, -1.0385 -0.337 1.3238, -1.0385 -0.337 1.1858, -1.0385 -0.4158 1.3238, -1.0385 -0.4158 1.1858, -0.0883 -0.4158 0.19, -0.0896 -0.337 0.1801, -0.0865 -0.337 0.2033, -0.0896 -0.4158 0.1801, -0.0883 -0.4158 0.1701, -0.0865 -0.337 0.1569, -0.0865 -0.4158 0.1569, -0.0776 -0.337 0.1353, -0.0776 -0.4158 0.1353, -0.0733 -0.4158 0.1297, -0.0633 -0.337 0.1167, -0.0633 -0.4158 0.1167, -0.0448 -0.337 0.1025, -0.0448 -0.4158 0.1025, -0.0232 -0.337 0.0936, -0.0232 -0.4158 0.0936, 0.0 -0.337 0.0905, 0.0 -0.4158 0.0905, 0.0232 -0.337 0.0936, 0.0232 -0.4158 0.0936, 0.0448 -0.337 0.1025, 0.0448 -0.4158 0.1025, 0.0633 -0.337 0.1167, 0.0633 -0.4158 0.1167, 0.0733 -0.4158 0.1297, 0.0776 -0.337 0.1353, 0.0776 -0.4158 0.1353, 0.0865 -0.337 0.1569, 0.0865 -0.4158 0.1569, 0.0896 -0.337 0.1801, 0.0896 -0.4158 0.1801, 0.0865 -0.337 0.2033, 0.0865 -0.4158 0.2033, 0.0776 -0.337 0.2249, 0.0776 -0.4158 0.2249, 0.0633 -0.337 0.2434, 0.0633 -0.4158 0.2434, 0.0448 -0.337 0.2577, 0.0448 -0.4158 0.2577, 0.0232 -0.337 0.2666, 0.0232 -0.4158 0.2666, 0.0 -0.337 0.2697, 0.0 -0.4158 0.2697, -0.0232 -0.337 0.2666, -0.0232 -0.4158 0.2666, -0.0448 -0.337 0.2577, -0.0448 -0.4158 0.2577, -0.0633 -0.337 0.2434, -0.0633 -0.4158 0.2434, -0.0776 -0.337 0.2249, -0.0776 -0.4158 0.2249, -0.0865 -0.4158 0.2033, 0.0 -0.337 0.1801, 0.0435 -0.337 0.6361, 0.0257 -0.4158 0.6435, 0.0225 -0.337 0.6448, 0.0225 -0.4158 0.6448, 0.0 -0.337 0.6477, 0.0 -0.4158 0.6477, -0.0225 -0.337 0.6448, -0.0225 -0.4158 0.6448, -0.0257 -0.4158 0.6435, -0.0435 -0.337 0.6361, -0.0435 -0.4158 0.6361, -0.0615 -0.337 0.6223, -0.0615 -0.4158 0.6223, -0.0753 -0.337 0.6043, -0.0753 -0.4158 0.6043, -0.084 -0.337 0.5833, -0.084 -0.4158 0.5833, -0.087 -0.337 0.5608, -0.087 -0.4158 0.5608, -0.084 -0.337 0.5383, -0.084 -0.4158 0.5383, -0.0753 -0.337 0.5173, -0.0753 -0.4158 0.5173, -0.0615 -0.337 0.4993, -0.0615 -0.4158 0.4993, -0.0435 -0.337 0.4855, -0.0435 -0.4158 0.4855, -0.0225 -0.337 0.4768, -0.0225 -0.4158 0.4768, 0.0 -0.337 0.4738, 0.0 -0.4158 0.4738, 0.0225 -0.337 0.4768, 0.0225 -0.4158 0.4768, 0.0435 -0.337 0.4855, 0.0435 -0.4158 0.4855, 0.0615 -0.337 0.4993, 0.0615 -0.4158 0.4993, 0.0753 -0.337 0.5173, 0.0753 -0.4158 0.5173, 0.084 -0.337 0.5383, 0.084 -0.4158 0.5383, 0.087 -0.337 0.5608, 0.087 -0.4158 0.5608, 0.084 -0.337 0.5833, 0.084 -0.4158 0.5833, 0.0753 -0.337 0.6043, 0.0753 -0.4158 0.6043, 0.0615 -0.337 0.6223, 0.0615 -0.4158 0.6223, 0.0435 -0.4158 0.6361, 0.0 -0.337 0.5608, 0.0848 -0.337 1.0409, 0.0946 -0.337 1.0172, 0.0938 -0.4158 1.0193, 0.0851 -0.4158 1.0402, 0.0848 -0.4158 1.0409, 0.0693 -0.337 1.0612, 0.0693 -0.4158 1.0612, 0.049 -0.337 1.0767, 0.049 -0.4158 1.0767, 0.0254 -0.337 1.0865, 0.0254 -0.4158 1.0865, 0.0 -0.337 1.0899, 0.0 -0.4158 1.0899, -0.0254 -0.337 1.0865, -0.0254 -0.4158 1.0865, -0.049 -0.337 1.0767, -0.049 -0.4158 1.0767, -0.0693 -0.337 1.0612, -0.0693 -0.4158 1.0612, -0.0849 -0.337 1.0409, -0.0849 -0.4158 1.0409, -0.0851 -0.4158 1.0402, -0.0883 -0.4158 1.0326, -0.0938 -0.4158 1.0193, -0.0946 -0.337 1.0172, -0.0946 -0.4158 1.0172, -0.098 -0.337 0.9919, -0.098 -0.4158 0.9919, -0.0946 -0.337 0.9665, -0.0946 -0.4158 0.9665, -0.0938 -0.4158 0.9644, -0.0849 -0.337 0.9429, -0.0883 -0.4158 0.9511, -0.0849 -0.4158 0.9429, -0.0693 -0.337 0.9226, -0.0693 -0.4158 0.9226, -0.049 -0.337 0.907, -0.049 -0.4158 0.907, -0.0254 -0.337 0.8972, -0.0254 -0.4158 0.8972, 0.0 -0.337 0.8939, 0.0 -0.4158 0.8939, 0.0254 -0.337 0.8972, 0.0254 -0.4158 0.8972, 0.049 -0.337 0.907, 0.049 -0.4158 0.907, 0.0693 -0.337 0.9226, 0.0693 -0.4158 0.9226, 0.0848 -0.337 0.9429, 0.0848 -0.4158 0.9429, 0.0938 -0.4158 0.9644, 0.0946 -0.337 0.9665, 0.0946 -0.4158 0.9665, 0.098 -0.337 0.9919, 0.098 -0.4158 0.9919, 0.0946 -0.4158 1.0172, 0.0 -0.337 0.9919, -1.1001 -0.337 0.6392, -1.1001 -0.4158 0.6392, -1.1001 -0.337 0.1689, -1.1001 -0.4158 0.3717, -1.1001 -0.4158 0.1689, -1.0053 -0.4158 0.6392, -0.4619 -0.4158 0.6392, -0.5311 -0.4158 0.6392, -0.4619 -0.337 0.6392, -0.7356 -0.4158 0.6392, -0.8365 -0.4158 0.6392, -0.4619 -0.4158 0.3717, -0.4619 -0.337 0.1689, -0.4619 -0.4158 0.1689, -1.0053 -0.4158 0.1689, -0.8365 -0.4158 0.1689, -0.7356 -0.4158 0.1689, -0.5311 -0.4158 0.1689, 1.2513 -0.4158 1.0479, 1.2513 0.5291 1.0479, 1.378 -0.4158 1.0479, 1.378 0.5291 1.0479, 1.2513 0.5291 0.5496, 1.2513 -0.4158 0.5496, 1.378 0.5291 0.5496, 1.378 -0.4158 0.5496, 1.2513 -0.4158 1.0402, 1.2513 -0.4158 0.855, 1.2513 -0.4158 0.851, 1.2513 -0.4158 0.6435, 1.4734 0.5291 0.1574, 1.4734 0.5291 -0.0198, 1.4734 0.5254 0.1574, 1.4734 0.5254 -0.0198, 1.4567 0.5291 0.1574, 1.4669 0.5278 0.1574, 1.2858 -0.4158 0.0, 1.2858 0.5291 0.0, 1.2858 -0.4158 0.1297, 1.2858 0.5291 0.1574, 1.2858 -0.4158 0.1574, 1.4413 -0.4158 0.1574, 1.4413 0.5291 0.1574, 1.378 -0.337 1.1858, 1.0385 -0.337 1.1858, 1.378 -0.4158 1.1858, 1.0385 -0.4158 1.1858, 1.0385 -0.337 1.3238, 1.0385 -0.4158 1.3238, 1.378 -0.337 1.3238, 1.1001 -0.4158 0.6392, 1.1001 -0.337 0.6392, 1.1001 -0.4158 0.3717, 1.1001 -0.337 0.1689, 1.1001 -0.4158 0.1689, 0.4619 -0.337 0.1689, 0.4619 -0.4158 0.1689, 0.4619 -0.337 0.6392, 0.4619 -0.4158 0.6392, 0.4619 -0.4158 0.3717, -0.4457 -0.4158 0.8615, -0.4457 -0.337 0.8615, -0.4501 -0.4158 0.8798, -0.4624 -0.337 0.9303, -0.4624 -0.4158 0.9303, -0.5009 -0.337 0.921, -0.5009 -0.4158 0.921, -0.5099 -0.337 0.8788, -0.5099 -0.4158 0.8788, -0.5142 -0.337 0.8573, -0.5142 -0.4158 0.8573, -0.5148 -0.4158 0.855, -0.5159 -0.337 0.8505, -0.5158 -0.4158 0.851, -0.5159 -0.4158 0.8505, -0.5199 -0.337 0.8562, -0.5199 -0.4158 0.8562, -0.5197 -0.4158 0.855, -0.5195 -0.337 0.8523, -0.5195 -0.4158 0.8523, -0.5193 -0.4158 0.851, -0.5191 -0.337 0.8493, -0.5191 -0.4158 0.8493, -0.5189 -0.4158 0.8486, -0.5189 -0.337 0.8486, -0.5186 -0.4158 0.8481, -0.5186 -0.337 0.8481, -0.5184 -0.4158 0.8479, -0.5184 -0.337 0.8479, -0.5183 -0.4158 0.8478, -0.5183 -0.337 0.8478, -0.5181 -0.4158 0.8478, -0.5181 -0.337 0.8478, -0.518 -0.4158 0.8477, -0.518 -0.337 0.8477, -0.5177 -0.4158 0.8478, -0.5177 -0.337 0.8478, -0.5175 -0.4158 0.8479, -0.5175 -0.337 0.8479, -0.5172 -0.4158 0.8481, -0.5172 -0.337 0.8481, -0.5169 -0.4158 0.8484, -0.5169 -0.337 0.8484, -0.5166 -0.4158 0.8488, -0.5166 -0.337 0.8488, -0.5163 -0.4158 0.8495, -0.5163 -0.337 0.8495, -0.5212 -0.337 0.868, -0.5212 -0.4158 0.868, -0.5204 -0.337 0.8788, -0.5204 -0.4158 0.8788, -0.5209 -0.4158 0.8778, -0.5209 -0.337 0.8778, -0.5215 -0.4158 0.8761, -0.5215 -0.337 0.8761, -0.5216 -0.4158 0.8735, -0.5216 -0.337 0.8735, -0.519 -0.337 0.8814, -0.519 -0.4158 0.8814, -0.5122 -0.337 0.9063, -0.5122 -0.4158 0.9063, -0.5153 -0.4158 0.8937, -0.5153 -0.337 0.8937, -0.4833 -0.4158 1.0402, -0.483 -0.337 1.0413, -0.483 -0.4158 1.0413, -0.4791 -0.337 1.0413, -0.4791 -0.4158 1.0413, -0.4788 -0.4158 1.0402, -0.4516 -0.337 0.9199, -0.4516 -0.4158 0.9199, -0.4501 -0.4158 0.9135, -0.4482 -0.337 0.9057, -0.4482 -0.4158 0.9057, -0.4448 -0.337 0.8924, -0.4448 -0.4158 0.8924, -0.4467 -0.4158 0.899, -0.4467 -0.337 0.899, -0.4428 -0.337 0.887, -0.4428 -0.4158 0.887, -0.4389 -0.337 0.8703, -0.4389 -0.4158 0.8703, -0.4387 -0.4158 0.8734, -0.4387 -0.337 0.8734, -0.4386 -0.4158 0.8745, -0.4386 -0.337 0.8745, -0.4384 -0.4158 0.8774, -0.4384 -0.337 0.8774, -0.4384 -0.4158 0.878, -0.4384 -0.337 0.878, -0.4385 -0.4158 0.8785, -0.4385 -0.337 0.8785, -0.4388 -0.4158 0.879, -0.4388 -0.337 0.879, -0.4398 -0.4158 0.8802, -0.4398 -0.337 0.8802, -0.441 -0.4158 0.882, -0.441 -0.337 0.882, -0.44 -0.337 0.8576, -0.44 -0.4158 0.8576, -0.4403 -0.4158 0.855, -0.4406 -0.337 0.8528, -0.4406 -0.4158 0.8528, -0.4407 -0.337 0.8513, -0.4437 -0.337 0.8502, -0.4437 -0.4158 0.8502, -0.4435 -0.4158 0.8496, -0.4435 -0.337 0.8496, -0.4432 -0.4158 0.8489, -0.4432 -0.337 0.8489, -0.4429 -0.4158 0.8486, -0.4429 -0.337 0.8486, -0.4427 -0.4158 0.8484, -0.4427 -0.337 0.8484, -0.4424 -0.4158 0.8483, -0.4424 -0.337 0.8483, -0.4422 -0.4158 0.8482, -0.4422 -0.337 0.8482, -0.442 -0.4158 0.8482, -0.442 -0.337 0.8482, -0.4418 -0.4158 0.8482, -0.4418 -0.337 0.8482, -0.4416 -0.4158 0.8484, -0.4416 -0.337 0.8484, -0.4414 -0.4158 0.8485, -0.4414 -0.337 0.8485, -0.4413 -0.4158 0.8487, -0.4413 -0.337 0.8487, -0.4411 -0.4158 0.849, -0.4411 -0.337 0.849, -0.441 -0.4158 0.8495, -0.441 -0.337 0.8495, -0.4409 -0.4158 0.8502, -0.4409 -0.337 0.8502, -0.4407 -0.4158 0.851, -0.4407 -0.4158 0.8513, -0.4445 -0.4158 0.855, -0.4438 -0.4158 0.851, -0.4811 -0.337 1.0141, -0.4995 -0.337 0.9309, -0.4629 -0.337 0.9346, -0.4706 -0.337 0.9419, -0.4777 -0.337 0.9371, -0.4803 -0.337 0.9357, -0.4883 -0.337 0.9332, -0.4706 -0.4158 0.9419, -0.4629 -0.4158 0.9346, -0.4777 -0.4158 0.9371, -0.4803 -0.4158 0.9357, -0.4883 -0.4158 0.9332, -0.4995 -0.4158 0.9309, -0.4811 -0.4158 1.0141, -0.6148 -0.337 0.8689, -0.6148 -0.337 1.0173, -0.6148 -0.4158 0.8689, -0.6148 -0.4158 1.0173, -0.6185 -0.337 1.0193, -0.6185 -0.4158 1.0193, -0.6167 -0.4158 1.0182, -0.6167 -0.337 1.0182, -0.6235 -0.337 1.0235, -0.6235 -0.4158 1.0235, -0.625 -0.337 1.0297, -0.625 -0.4158 1.0297, -0.6254 -0.4158 1.0294, -0.6254 -0.337 1.0294, -0.6258 -0.4158 1.0289, -0.6258 -0.337 1.0289, -0.626 -0.4158 1.0284, -0.626 -0.337 1.0284, -0.6262 -0.4158 1.0277, -0.6262 -0.337 1.0277, -0.6262 -0.4158 1.0269, -0.6262 -0.337 1.0269, -0.6259 -0.4158 1.026, -0.6259 -0.337 1.026, -0.6255 -0.4158 1.0253, -0.6255 -0.337 1.0253, -0.6247 -0.4158 1.0244, -0.6247 -0.337 1.0244, -0.6199 -0.337 1.0289, -0.6199 -0.4158 1.0289, -0.6139 -0.337 1.0289, -0.6139 -0.4158 1.0289, -0.6091 -0.337 1.0297, -0.6091 -0.4158 1.0297, -0.6115 -0.4158 1.0293, -0.6115 -0.337 1.0293, -0.6032 -0.337 1.0303, -0.6032 -0.4158 1.0303, -0.5924 -0.337 1.0334, -0.5924 -0.4158 1.0334, -0.58 -0.337 1.0351, -0.58 -0.4158 1.0351, -0.5862 -0.4158 1.0346, -0.5862 -0.337 1.0346, -0.5406 -0.337 0.9371, -0.5406 -0.4158 0.9371, -0.5422 -0.4158 0.9815, -0.5422 -0.337 0.9815, -0.5468 -0.4158 1.0106, -0.5468 -0.337 1.0106, -0.5509 -0.4158 1.0205, -0.5509 -0.337 1.0205, -0.5554 -0.4158 1.0267, -0.5554 -0.337 1.0267, -0.5597 -0.4158 1.0303, -0.5597 -0.337 1.0303, -0.5646 -0.4158 1.0329, -0.5646 -0.337 1.0329, -0.5712 -0.4158 1.0345, -0.5712 -0.337 1.0345, -0.591 -0.337 0.8593, -0.591 -0.4158 0.8593, -0.5754 -0.4158 0.8614, -0.5754 -0.337 0.8614, -0.5678 -0.4158 0.8633, -0.5678 -0.337 0.8633, -0.5643 -0.4158 0.8651, -0.5643 -0.337 0.8651, -0.5595 -0.4158 0.8688, -0.5595 -0.337 0.8688, -0.5547 -0.4158 0.8746, -0.5547 -0.337 0.8746, -0.5489 -0.4158 0.885, -0.5489 -0.337 0.885, -0.5436 -0.4158 0.9032, -0.5436 -0.337 0.9032, -0.6035 -0.337 0.8578, -0.6035 -0.4158 0.8578, -0.6081 -0.337 0.8566, -0.6122 -0.337 0.8542, -0.6122 -0.4158 0.8542, -0.612 -0.4158 0.8543, -0.612 -0.337 0.8543, -0.6111 -0.4158 0.8548, -0.6111 -0.337 0.8548, -0.6107 -0.4158 0.855, -0.6081 -0.4158 0.8566, -0.6207 -0.337 0.861, -0.6207 -0.4158 0.861, -0.6181 -0.4158 0.8583, -0.6181 -0.337 0.8583, -0.6143 -0.4158 0.855, -0.6142 -0.337 0.8549, -0.6142 -0.4158 0.8549, -0.6132 -0.4158 0.8543, -0.6132 -0.337 0.8543, -0.6129 -0.4158 0.8542, -0.6129 -0.337 0.8542, -0.6241 -0.337 0.8646, -0.6241 -0.4158 0.8646, -0.6233 -0.337 0.8689, -0.6233 -0.4158 0.8689, -0.6244 -0.4158 0.869, -0.6244 -0.337 0.869, -0.625 -0.4158 0.869, -0.625 -0.337 0.869, -0.625 -0.4158 0.8689, -0.625 -0.337 0.8689, -0.6253 -0.4158 0.8688, -0.6253 -0.337 0.8688, -0.6254 -0.4158 0.8687, -0.6254 -0.337 0.8687, -0.6256 -0.4158 0.8685, -0.6256 -0.337 0.8685, -0.6257 -0.4158 0.8683, -0.6257 -0.337 0.8683, -0.6259 -0.4158 0.8677, -0.6259 -0.337 0.8677, -0.626 -0.4158 0.8675, -0.626 -0.337 0.8675, -0.626 -0.4158 0.8672, -0.626 -0.337 0.8672, -0.6259 -0.4158 0.8669, -0.6259 -0.337 0.8669, -0.6257 -0.4158 0.8665, -0.6257 -0.337 0.8665, -0.6253 -0.4158 0.866, -0.6253 -0.337 0.866, -0.6248 -0.4158 0.8654, -0.6248 -0.337 0.8654, -0.5981 -0.337 0.8695, -0.6025 -0.337 0.8693, -0.6069 -0.337 0.8695, -0.6069 -0.337 1.0193, -0.6015 -0.337 1.0215, -0.5894 -0.337 1.0243, -0.5771 -0.337 1.0252, -0.5706 -0.337 0.8736, -0.566 -0.337 0.8756, -0.5626 -0.337 0.8784, -0.5594 -0.337 0.8825, -0.5535 -0.337 0.8959, -0.5702 -0.337 1.0239, -0.5856 -0.337 0.8709, -0.5769 -0.337 0.872, -0.5645 -0.337 1.0218, -0.5612 -0.337 1.0195, -0.5575 -0.337 1.0152, -0.5543 -0.337 1.0091, -0.5518 -0.337 1.0005, -0.5485 -0.337 0.962, -0.5488 -0.337 0.9246, -0.6069 -0.4158 1.0193, -0.6069 -0.4158 0.8695, -0.6015 -0.4158 1.0215, -0.5894 -0.4158 1.0243, -0.5771 -0.4158 1.0252, -0.5702 -0.4158 1.0239, -0.5645 -0.4158 1.0218, -0.5612 -0.4158 1.0195, -0.5575 -0.4158 1.0152, -0.5543 -0.4158 1.0091, -0.5518 -0.4158 1.0005, -0.5485 -0.4158 0.962, -0.5488 -0.4158 0.9246, -0.5535 -0.4158 0.8959, -0.5594 -0.4158 0.8825, -0.5626 -0.4158 0.8784, -0.566 -0.4158 0.8756, -0.5706 -0.4158 0.8736, -0.5769 -0.4158 0.872, -0.5856 -0.4158 0.8709, -0.5981 -0.4158 0.8695, -0.6025 -0.4158 0.8693, -0.6729 -0.337 1.0238, -0.7086 -0.337 1.0178, -0.6729 -0.4158 1.0238, -0.7086 -0.4158 1.0178, -0.7086 -0.337 0.9555, -0.7086 -0.4158 0.9555, -0.6848 -0.337 0.9586, -0.6848 -0.4158 0.9586, -0.6658 -0.337 0.9646, -0.6658 -0.4158 0.9646, -0.6687 -0.4158 0.9629, -0.6687 -0.337 0.9629, -0.675 -0.4158 0.9606, -0.675 -0.337 0.9606, -0.6633 -0.337 0.966, -0.6633 -0.4158 0.966, -0.655 -0.337 0.9578, -0.655 -0.4158 0.9578, -0.6565 -0.337 0.953, -0.6565 -0.4158 0.953, -0.6556 -0.4158 0.9531, -0.6556 -0.337 0.9531, -0.6551 -0.4158 0.9532, -0.6551 -0.337 0.9532, -0.6548 -0.4158 0.9534, -0.6548 -0.337 0.9534, -0.6543 -0.4158 0.9538, -0.6543 -0.337 0.9538, -0.654 -0.4158 0.9543, -0.654 -0.337 0.9543, -0.6539 -0.4158 0.9547, -0.6539 -0.337 0.9547, -0.6538 -0.4158 0.9552, -0.6538 -0.337 0.9552, -0.6539 -0.4158 0.9557, -0.6539 -0.337 0.9557, -0.6541 -0.4158 0.9564, -0.6541 -0.337 0.9564, -0.6544 -0.4158 0.957, -0.6544 -0.337 0.957, -0.7086 -0.337 0.9456, -0.7086 -0.4158 0.9456, -0.7086 -0.337 0.8689, -0.7086 -0.4158 0.8689, -0.6664 -0.337 0.8748, -0.6664 -0.4158 0.8748, -0.6584 -0.337 0.8777, -0.6584 -0.4158 0.8777, -0.6623 -0.4158 0.8759, -0.6623 -0.337 0.8759, -0.6559 -0.337 0.8791, -0.6559 -0.4158 0.8791, -0.648 -0.337 0.8703, -0.648 -0.4158 0.8703, -0.6497 -0.337 0.8658, -0.6497 -0.4158 0.8658, -0.649 -0.4158 0.8658, -0.649 -0.337 0.8658, -0.648 -0.4158 0.866, -0.648 -0.337 0.866, -0.6477 -0.4158 0.8661, -0.6477 -0.337 0.8661, -0.6475 -0.4158 0.8663, -0.6475 -0.337 0.8663, -0.6473 -0.4158 0.8665, -0.6473 -0.337 0.8665, -0.647 -0.4158 0.867, -0.647 -0.337 0.867, -0.6469 -0.4158 0.8676, -0.6469 -0.337 0.8676, -0.6468 -0.4158 0.8681, -0.6468 -0.337 0.8681, -0.647 -0.4158 0.8687, -0.647 -0.337 0.8687, -0.6472 -0.4158 0.8693, -0.6472 -0.337 0.8693, -0.6539 -0.337 0.8655, -0.6539 -0.4158 0.8655, -0.6967 -0.337 0.8596, -0.6967 -0.4158 0.8596, -0.6754 -0.4158 0.8629, -0.6754 -0.337 0.8629, -0.7097 -0.337 0.8573, -0.7097 -0.4158 0.8573, -0.7194 -0.337 0.8612, -0.7194 -0.4158 0.8612, -0.7194 -0.4158 0.8612, -0.7194 -0.337 0.8612, -0.7195 -0.4158 0.859, -0.7195 -0.337 0.859, -0.7193 -0.4158 0.8578, -0.7193 -0.337 0.8578, -0.7189 -0.4158 0.8571, -0.7189 -0.337 0.8571, -0.7185 -0.4158 0.8565, -0.7185 -0.337 0.8565, -0.7178 -0.4158 0.856, -0.7178 -0.337 0.856, -0.717 -0.4158 0.8557, -0.717 -0.337 0.8557, -0.716 -0.4158 0.8556, -0.716 -0.337 0.8556, -0.7147 -0.4158 0.8557, -0.7147 -0.337 0.8557, -0.7128 -0.4158 0.8562, -0.7128 -0.337 0.8562, -0.7168 -0.337 0.8757, -0.7168 -0.4158 0.8757, -0.7175 -0.4158 0.8684, -0.7175 -0.337 0.8684, -0.7168 -0.337 0.8811, -0.7168 -0.4158 0.8811, -0.7165 -0.337 0.8882, -0.7165 -0.4158 0.8882, -0.7166 -0.4158 0.8846, -0.7166 -0.337 0.8846, -0.7168 -0.337 1.0178, -0.7168 -0.4158 1.0178, -0.7213 -0.337 1.0303, -0.7213 -0.4158 1.0303, -0.7223 -0.4158 1.0304, -0.7223 -0.337 1.0304, -0.7228 -0.4158 1.0304, -0.7228 -0.337 1.0304, -0.7232 -0.4158 1.0302, -0.7232 -0.337 1.0302, -0.7235 -0.4158 1.03, -0.7235 -0.337 1.03, -0.7237 -0.4158 1.0298, -0.7237 -0.337 1.0298, -0.7238 -0.4158 1.0297, -0.7238 -0.337 1.0297, -0.7238 -0.4158 1.0295, -0.7238 -0.337 1.0295, -0.7238 -0.4158 1.0289, -0.7238 -0.337 1.0289, -0.7238 -0.4158 1.0283, -0.7238 -0.337 1.0283, -0.7237 -0.4158 1.0275, -0.7237 -0.337 1.0275, -0.7234 -0.4158 1.0264, -0.7234 -0.337 1.0264, -0.7228 -0.4158 1.0251, -0.7228 -0.337 1.0251, -0.7217 -0.4158 1.0236, -0.7217 -0.337 1.0236, -0.7198 -0.4158 1.0213, -0.7198 -0.337 1.0213, -0.716 -0.337 1.0294, -0.716 -0.4158 1.0294, -0.7063 -0.337 1.0289, -0.7063 -0.4158 1.0289, -0.7111 -0.4158 1.0289, -0.7111 -0.337 1.0289, -0.7055 -0.337 1.0289, -0.7055 -0.4158 1.0289, -0.6944 -0.337 1.0297, -0.6944 -0.4158 1.0297, -0.6999 -0.4158 1.029, -0.6999 -0.337 1.029, -0.6834 -0.337 1.0317, -0.6834 -0.4158 1.0317, -0.6644 -0.337 1.0374, -0.6644 -0.4158 1.0374, -0.6658 -0.4158 1.0365, -0.6658 -0.337 1.0365, -0.6736 -0.4158 1.0337, -0.6736 -0.337 1.0337, -0.6618 -0.337 1.039, -0.6618 -0.4158 1.039, -0.6537 -0.337 1.0306, -0.6537 -0.4158 1.0306, -0.655 -0.337 1.026, -0.655 -0.4158 1.026, -0.6543 -0.4158 1.0261, -0.6543 -0.337 1.0261, -0.6537 -0.4158 1.0263, -0.6537 -0.337 1.0263, -0.6532 -0.4158 1.0266, -0.6532 -0.337 1.0266, -0.6529 -0.4158 1.0269, -0.6529 -0.337 1.0269, -0.6527 -0.4158 1.0273, -0.6527 -0.337 1.0273, -0.6526 -0.4158 1.0276, -0.6526 -0.337 1.0276, -0.6525 -0.4158 1.028, -0.6525 -0.337 1.028, -0.6526 -0.4158 1.0285, -0.6526 -0.337 1.0285, -0.6528 -0.4158 1.029, -0.6528 -0.337 1.029, -0.6531 -0.4158 1.0296, -0.6531 -0.337 1.0296, -0.6596 -0.337 1.0255, -0.6596 -0.4158 1.0255, -0.6662 -0.4158 1.0246, -0.6662 -0.337 1.0246, -0.7605 -0.337 1.0226, -0.7579 -0.337 1.0181, -0.7605 -0.4158 1.0226, -0.7579 -0.4158 1.0181, -0.7559 -0.337 1.0348, -0.7559 -0.4158 1.0348, -0.7517 -0.337 1.0348, -0.7517 -0.4158 1.0348, -0.7517 -0.337 0.9592, -0.7517 -0.4158 0.9592, -0.7571 -0.337 0.9592, -0.7571 -0.4158 0.9592, -0.782 -0.337 1.0286, -0.782 -0.4158 1.0286, -0.779 -0.4158 1.028, -0.779 -0.337 1.028, -0.7747 -0.4158 1.0264, -0.7747 -0.337 1.0264, -0.7703 -0.4158 1.0233, -0.7703 -0.337 1.0233, -0.7668 -0.4158 1.0193, -0.7668 -0.337 1.0193, -0.763 -0.4158 1.012, -0.763 -0.337 1.012, -0.7595 -0.4158 0.9991, -0.7595 -0.337 0.9991, -0.8174 -0.337 0.9326, -0.8174 -0.4158 0.9326, -0.8163 -0.4158 0.9782, -0.8163 -0.337 0.9782, -0.8139 -0.4158 0.9922, -0.8139 -0.337 0.9922, -0.8073 -0.4158 1.0111, -0.8073 -0.337 1.0111, -0.8024 -0.4158 1.0188, -0.8024 -0.337 1.0188, -0.7977 -0.4158 1.0235, -0.7977 -0.337 1.0235, -0.7929 -0.4158 1.0265, -0.7929 -0.337 1.0265, -0.7879 -0.4158 1.0282, -0.7879 -0.337 1.0282, -0.7842 -0.337 0.8641, -0.7842 -0.4158 0.8641, -0.7887 -0.4158 0.8646, -0.7887 -0.337 0.8646, -0.7923 -0.4158 0.8658, -0.7923 -0.337 0.8658, -0.796 -0.4158 0.8681, -0.796 -0.337 0.8681, -0.8001 -0.4158 0.872, -0.8001 -0.337 0.872, -0.8059 -0.4158 0.8803, -0.8059 -0.337 0.8803, -0.8104 -0.4158 0.8921, -0.8104 -0.337 0.8921, -0.7534 -0.337 0.9097, -0.7534 -0.4158 0.9097, -0.7552 -0.4158 0.8977, -0.7552 -0.337 0.8977, -0.7591 -0.4158 0.8815, -0.7591 -0.337 0.8815, -0.7628 -0.4158 0.8747, -0.7628 -0.337 0.8747, -0.7668 -0.4158 0.8703, -0.7668 -0.337 0.8703, -0.7717 -0.4158 0.8669, -0.7717 -0.337 0.8669, -0.7778 -0.4158 0.8646, -0.7778 -0.337 0.8646, -0.752 -0.337 0.9247, -0.752 -0.4158 0.9247, -0.7475 -0.337 0.9244, -0.7475 -0.4158 0.9244, -0.7803 -0.337 0.8547, -0.7803 -0.4158 0.8547, -0.7781 -0.4158 0.855, -0.7756 -0.337 0.8554, -0.7756 -0.4158 0.8554, -0.7688 -0.4158 0.8579, -0.7688 -0.337 0.8579, -0.7625 -0.4158 0.8623, -0.7625 -0.337 0.8623, -0.7577 -0.4158 0.8682, -0.7577 -0.337 0.8682, -0.7531 -0.4158 0.8773, -0.7531 -0.337 0.8773, -0.7496 -0.4158 0.8905, -0.7496 -0.337 0.8905, -0.7861 -0.4158 0.855, -0.7884 -0.337 0.8551, -0.7884 -0.4158 0.8551, -0.7961 -0.337 0.8578, -0.7961 -0.4158 0.8578, -0.8018 -0.337 0.8613, -0.8018 -0.4158 0.8613, -0.8067 -0.337 0.8664, -0.8067 -0.4158 0.8664, -0.8127 -0.337 0.8764, -0.8127 -0.4158 0.8764, -0.8205 -0.337 0.8993, -0.8205 -0.4158 0.8993, -0.8241 -0.337 0.9221, -0.8241 -0.4158 0.9221, -0.8239 -0.337 0.9765, -0.8239 -0.4158 0.9765, -0.7842 -0.337 1.0379, -0.7842 -0.4158 1.0379, -0.7882 -0.4158 1.0379, -0.7882 -0.337 1.0379, -0.7923 -0.4158 1.037, -0.7923 -0.337 1.037, -0.7965 -0.4158 1.035, -0.7965 -0.337 1.035, -0.8041 -0.4158 1.0293, -0.8041 -0.337 1.0293, -0.8101 -0.4158 1.0222, -0.8101 -0.337 1.0222, -0.817 -0.4158 1.0074, -0.817 -0.337 1.0074, -0.7636 -0.4158 1.0268, -0.7636 -0.337 1.0268, -0.7697 -0.4158 1.0323, -0.7697 -0.337 1.0323, -0.776 -0.4158 1.0358, -0.776 -0.337 1.0358, -0.91 -0.337 1.0402, -0.9105 -0.337 1.043, -0.91 -0.4158 1.0402, -0.9105 -0.4158 1.043, -0.9085 -0.337 1.0453, -0.9085 -0.4158 1.0453, -0.9044 -0.4158 1.0402, -0.8961 -0.337 1.0297, -0.8961 -0.4158 1.0297, -0.9003 -0.337 1.0119, -0.9003 -0.4158 1.0119, -0.9002 -0.4158 1.0154, -0.9002 -0.337 1.0154, -0.8991 -0.4158 1.0234, -0.8991 -0.337 1.0234, -0.9003 -0.337 0.8675, -0.9003 -0.4158 0.8675, -0.8581 -0.337 0.876, -0.8581 -0.4158 0.876, -0.8594 -0.4158 0.8754, -0.8594 -0.337 0.8754, -0.8623 -0.4158 0.8729, -0.8623 -0.337 0.8729, -0.8644 -0.4158 0.8718, -0.8644 -0.337 0.8718, -0.8681 -0.4158 0.8709, -0.8681 -0.337 0.8709, -0.8785 -0.4158 0.8693, -0.8785 -0.337 0.8693, -0.8465 -0.337 0.8633, -0.8465 -0.4158 0.8633, -0.8467 -0.4158 0.8643, -0.8467 -0.337 0.8643, -0.847 -0.4158 0.8655, -0.847 -0.337 0.8655, -0.8475 -0.4158 0.8663, -0.8475 -0.337 0.8663, -0.8484 -0.4158 0.8673, -0.8484 -0.337 0.8673, -0.8515 -0.4158 0.8701, -0.8515 -0.337 0.8701, -0.8862 -0.337 0.8581, -0.8862 -0.4158 0.8581, -0.8697 -0.4158 0.8595, -0.8697 -0.337 0.8595, -0.8648 -0.4158 0.8601, -0.8648 -0.337 0.8601, -0.853 -0.4158 0.8617, -0.853 -0.337 0.8617, -0.8489 -0.4158 0.8617, -0.8489 -0.337 0.8617, -0.8483 -0.4158 0.8618, -0.8483 -0.337 0.8618, -0.8475 -0.4158 0.8621, -0.8475 -0.337 0.8621, -0.8471 -0.4158 0.8623, -0.8471 -0.337 0.8623, -0.8469 -0.4158 0.8626, -0.8469 -0.337 0.8626, -0.898 -0.337 0.857, -0.898 -0.4158 0.857, -0.9046 -0.337 0.8565, -0.9046 -0.4158 0.8565, -0.9082 -0.337 0.8686, -0.9082 -0.4158 0.8686, -0.9083 -0.4158 0.8682, -0.9083 -0.337 0.8682, -0.9091 -0.4158 0.8601, -0.9091 -0.337 0.8601, -0.9092 -0.4158 0.8584, -0.9092 -0.337 0.8584, -0.9091 -0.4158 0.8578, -0.9091 -0.337 0.8578, -0.9087 -0.4158 0.857, -0.9087 -0.337 0.857, -0.9083 -0.4158 0.8566, -0.9083 -0.337 0.8566, -0.908 -0.4158 0.8563, -0.908 -0.337 0.8563, -0.9077 -0.4158 0.8561, -0.9077 -0.337 0.8561, -0.9073 -0.4158 0.856, -0.9073 -0.337 0.856, -0.9066 -0.4158 0.856, -0.9066 -0.337 0.856, -0.9077 -0.337 0.8853, -0.9077 -0.4158 0.8853, -0.9077 -0.337 1.0127, -0.9077 -0.4158 1.0127, -0.9079 -0.4158 1.0266, -0.9079 -0.337 1.0266
            ]
        }
        coordIndex [
            0,1,2,-1,2,1,3,-1,2,3,4,-1,4,3,5,-1,4,5,6,-1,6,5,7,-1,6,7,8,-1,8,7,9,-1,8,9,10,-1,10,9,11,-1,10,11,12,-1,12,11,13,-1,12,13,14,-1,14,13,15,-1,14,15,16,-1,16,15,17,-1,16,17,18,-1,18,17,19,-1,20,21,22,-1,22,21,23,-1,22,23,24,-1,25,26,27,-1,27,26,28,-1,28,29,30,-1,20,27,21,-1,21,27,28,-1,21,28,31,-1,31,28,30,-1,31,30,32,-1,33,29,34,-1,34,29,28,-1,34,28,35,-1,35,28,36,-1,35,36,37,-1,37,36,38,-1,37,38,39,-1,39,38,40,-1,39,40,41,-1,41,40,42,-1,41,42,43,-1,43,42,44,-1,43,44,45,-1,45,44,46,-1,45,46,47,-1,47,46,48,-1,47,48,49,-1,49,48,50,-1,51,23,52,-1,52,23,21,-1,53,31,54,-1,54,31,32,-1,53,52,31,-1,31,52,21,-1,55,56,52,-1,52,56,57,-1,52,57,51,-1,55,52,58,-1,58,52,53,-1,58,53,54,-1,59,60,61,-1,61,60,62,-1,60,59,63,-1,63,59,64,-1,65,66,67,-1,67,66,68,-1,65,67,69,-1,69,67,70,-1,69,70,71,-1,72,73,74,-1,74,73,75,-1,73,22,75,-1,75,22,24,-1,73,72,22,-1,22,72,20,-1,76,77,78,-1,76,79,77,-1,77,79,80,-1,77,80,81,-1,81,80,82,-1,81,82,83,-1,82,84,83,-1,83,84,85,-1,83,85,86,-1,86,85,87,-1,86,87,88,-1,88,87,89,-1,88,89,90,-1,90,89,91,-1,90,91,92,-1,92,91,93,-1,92,93,94,-1,94,93,95,-1,94,95,96,-1,96,95,97,-1,96,97,98,-1,97,99,98,-1,98,99,100,-1,98,100,101,-1,101,100,102,-1,101,102,103,-1,103,102,104,-1,103,104,105,-1,105,104,106,-1,105,106,107,-1,107,106,108,-1,107,108,109,-1,109,108,110,-1,109,110,111,-1,111,110,112,-1,111,112,113,-1,113,112,114,-1,113,114,115,-1,115,114,116,-1,115,116,117,-1,117,116,118,-1,117,118,119,-1,119,118,120,-1,119,120,121,-1,121,120,122,-1,121,122,123,-1,123,122,124,-1,123,124,125,-1,125,124,126,-1,125,126,78,-1,78,126,127,-1,78,127,76,-1,101,103,128,-1,128,103,105,-1,128,105,107,-1,94,96,128,-1,128,96,98,-1,128,98,101,-1,88,90,128,-1,128,90,92,-1,128,92,94,-1,81,83,128,-1,128,83,86,-1,128,86,88,-1,125,78,128,-1,128,78,77,-1,128,77,81,-1,119,121,128,-1,128,121,123,-1,128,123,125,-1,113,115,128,-1,128,115,117,-1,128,117,119,-1,107,109,128,-1,128,109,111,-1,128,111,113,-1,129,130,131,-1,131,130,132,-1,131,132,133,-1,133,132,134,-1,133,134,135,-1,134,136,135,-1,135,136,137,-1,135,137,138,-1,138,137,139,-1,138,139,140,-1,140,139,141,-1,140,141,142,-1,142,141,143,-1,142,143,144,-1,144,143,145,-1,144,145,146,-1,146,145,147,-1,146,147,148,-1,148,147,149,-1,148,149,150,-1,150,149,151,-1,150,151,152,-1,152,151,153,-1,152,153,154,-1,154,153,155,-1,154,155,156,-1,156,155,157,-1,156,157,158,-1,158,157,159,-1,158,159,160,-1,160,159,161,-1,160,161,162,-1,162,161,163,-1,162,163,164,-1,164,163,165,-1,164,165,166,-1,166,165,167,-1,166,167,168,-1,168,167,169,-1,168,169,170,-1,170,169,171,-1,170,171,172,-1,172,171,173,-1,172,173,174,-1,174,173,175,-1,174,175,176,-1,176,175,177,-1,176,177,129,-1,129,177,178,-1,129,178,130,-1,166,168,179,-1,179,168,170,-1,179,170,172,-1,160,162,179,-1,179,162,164,-1,179,164,166,-1,154,156,179,-1,179,156,158,-1,179,158,160,-1,148,150,179,-1,179,150,152,-1,179,152,154,-1,142,144,179,-1,179,144,146,-1,179,146,148,-1,135,138,179,-1,179,138,140,-1,179,140,142,-1,129,131,179,-1,179,131,133,-1,179,133,135,-1,172,174,179,-1,179,174,176,-1,179,176,129,-1,180,181,182,-1,182,183,180,-1,180,183,184,-1,180,184,185,-1,185,184,186,-1,185,186,187,-1,187,186,188,-1,187,188,189,-1,189,188,190,-1,189,190,191,-1,191,190,192,-1,191,192,193,-1,193,192,194,-1,193,194,195,-1,195,194,196,-1,195,196,197,-1,197,196,198,-1,197,198,199,-1,199,198,200,-1,199,200,201,-1,201,202,199,-1,199,202,203,-1,199,203,204,-1,204,203,205,-1,204,205,206,-1,206,205,207,-1,206,207,208,-1,207,209,208,-1,208,209,210,-1,208,210,211,-1,210,212,211,-1,211,212,213,-1,211,213,214,-1,214,213,215,-1,214,215,216,-1,216,215,217,-1,216,217,218,-1,218,217,219,-1,218,219,220,-1,220,219,221,-1,220,221,222,-1,222,221,223,-1,222,223,224,-1,224,223,225,-1,224,225,226,-1,226,225,227,-1,226,227,228,-1,227,229,228,-1,228,229,230,-1,228,230,231,-1,231,230,232,-1,231,232,233,-1,233,232,234,-1,233,234,181,-1,181,234,235,-1,181,235,182,-1,228,231,236,-1,236,231,233,-1,236,233,181,-1,222,224,236,-1,236,224,226,-1,236,226,228,-1,216,218,236,-1,236,218,220,-1,236,220,222,-1,208,211,236,-1,236,211,214,-1,236,214,216,-1,199,204,236,-1,236,204,206,-1,236,206,208,-1,193,195,236,-1,236,195,197,-1,236,197,199,-1,187,189,236,-1,236,189,191,-1,236,191,193,-1,181,180,236,-1,236,180,185,-1,236,185,187,-1,237,238,239,-1,239,238,240,-1,239,240,241,-1,242,238,237,-1,243,244,245,-1,245,244,246,-1,245,246,237,-1,237,246,247,-1,237,247,242,-1,243,245,248,-1,248,245,249,-1,248,249,250,-1,239,241,251,-1,251,252,239,-1,239,252,253,-1,239,253,249,-1,249,253,254,-1,249,254,250,-1,249,245,239,-1,239,245,237,-1,255,256,257,-1,257,256,258,-1,259,260,261,-1,261,260,262,-1,256,259,258,-1,258,259,261,-1,256,255,263,-1,263,264,256,-1,256,264,265,-1,256,265,259,-1,259,265,266,-1,259,266,260,-1,267,268,269,-1,269,268,270,-1,271,267,272,-1,272,267,269,-1,273,274,275,-1,275,274,276,-1,275,276,277,-1,277,276,278,-1,278,276,279,-1,280,281,282,-1,282,281,283,-1,281,284,283,-1,283,284,285,-1,284,281,286,-1,286,281,280,-1,287,288,289,-1,289,288,290,-1,289,290,291,-1,290,292,291,-1,291,292,293,-1,294,295,292,-1,292,295,296,-1,292,296,293,-1,294,288,295,-1,295,288,287,-1,294,292,288,-1,288,292,290,-1,297,298,299,-1,299,298,300,-1,299,300,301,-1,300,302,301,-1,301,302,303,-1,302,304,303,-1,303,304,305,-1,304,306,305,-1,305,306,307,-1,307,306,308,-1,308,306,309,-1,308,309,310,-1,310,309,311,-1,312,313,314,-1,312,314,315,-1,314,316,315,-1,315,316,317,-1,315,317,318,-1,317,319,318,-1,318,319,320,-1,318,320,321,-1,321,320,322,-1,321,322,323,-1,323,322,324,-1,323,324,325,-1,325,324,326,-1,325,326,327,-1,327,326,328,-1,327,328,329,-1,329,328,330,-1,329,330,331,-1,331,330,332,-1,331,332,333,-1,333,332,334,-1,333,334,335,-1,335,334,336,-1,335,336,337,-1,337,336,338,-1,337,338,339,-1,339,338,340,-1,339,340,341,-1,341,340,342,-1,341,342,343,-1,343,342,311,-1,343,311,309,-1,312,344,313,-1,313,344,345,-1,346,347,348,-1,346,348,349,-1,349,348,350,-1,349,350,351,-1,351,350,352,-1,351,352,353,-1,353,352,345,-1,353,345,344,-1,346,354,347,-1,347,354,355,-1,356,357,358,-1,356,358,359,-1,359,358,355,-1,359,355,354,-1,357,356,360,-1,360,356,361,-1,360,361,362,-1,361,363,362,-1,362,363,364,-1,364,363,365,-1,365,363,366,-1,365,366,367,-1,367,366,368,-1,368,366,369,-1,368,369,370,-1,371,372,373,-1,371,373,374,-1,374,373,370,-1,374,370,369,-1,371,375,372,-1,372,375,376,-1,377,378,379,-1,377,379,380,-1,380,379,381,-1,380,381,382,-1,382,381,383,-1,382,383,384,-1,384,383,385,-1,384,385,386,-1,386,385,387,-1,386,387,388,-1,388,387,389,-1,388,389,390,-1,390,389,391,-1,390,391,392,-1,392,391,393,-1,392,393,394,-1,394,393,376,-1,394,376,375,-1,377,395,378,-1,378,395,396,-1,396,395,397,-1,397,395,398,-1,397,398,399,-1,399,398,400,-1,401,402,403,-1,401,403,404,-1,404,403,405,-1,404,405,406,-1,406,405,407,-1,406,407,408,-1,408,407,409,-1,408,409,410,-1,410,409,411,-1,410,411,412,-1,412,411,413,-1,412,413,414,-1,414,413,415,-1,414,415,416,-1,416,415,417,-1,416,417,418,-1,418,417,419,-1,418,419,420,-1,420,419,421,-1,420,421,422,-1,422,421,423,-1,422,423,424,-1,424,423,425,-1,424,425,426,-1,426,425,427,-1,426,427,428,-1,428,427,429,-1,428,429,430,-1,430,429,431,-1,430,431,400,-1,400,431,432,-1,400,432,399,-1,401,298,297,-1,297,433,401,-1,401,433,434,-1,401,434,402,-1,435,361,436,-1,436,361,356,-1,300,437,438,-1,392,394,298,-1,298,394,375,-1,438,439,300,-1,300,439,440,-1,300,440,302,-1,302,440,441,-1,359,304,356,-1,356,304,302,-1,356,302,436,-1,436,302,441,-1,375,371,298,-1,298,371,374,-1,298,374,300,-1,300,374,369,-1,300,369,437,-1,437,369,366,-1,437,366,435,-1,435,366,363,-1,435,363,361,-1,304,344,306,-1,306,344,312,-1,306,312,309,-1,309,312,315,-1,309,315,343,-1,430,401,428,-1,428,401,404,-1,428,404,426,-1,377,380,298,-1,298,380,382,-1,298,382,392,-1,392,382,384,-1,359,354,304,-1,304,354,346,-1,304,346,349,-1,343,315,341,-1,341,315,318,-1,341,318,339,-1,386,388,384,-1,384,388,390,-1,384,390,392,-1,349,351,304,-1,304,351,353,-1,304,353,344,-1,335,337,323,-1,430,400,401,-1,401,400,398,-1,401,398,298,-1,298,398,395,-1,298,395,377,-1,339,318,337,-1,337,318,321,-1,337,321,323,-1,408,410,424,-1,426,404,424,-1,424,404,406,-1,424,406,408,-1,420,414,418,-1,418,414,416,-1,410,412,424,-1,424,412,414,-1,424,414,422,-1,422,414,420,-1,335,323,333,-1,333,323,325,-1,333,325,331,-1,331,325,327,-1,331,327,329,-1,438,437,442,-1,442,437,443,-1,439,438,444,-1,444,438,442,-1,439,444,445,-1,439,445,440,-1,440,445,446,-1,440,446,441,-1,441,446,447,-1,441,447,436,-1,435,436,448,-1,448,436,447,-1,437,435,443,-1,443,435,448,-1,449,450,451,-1,451,450,452,-1,453,454,455,-1,453,455,456,-1,456,455,452,-1,456,452,450,-1,453,457,454,-1,454,457,458,-1,459,460,461,-1,459,461,462,-1,462,461,463,-1,462,463,464,-1,464,463,465,-1,464,465,466,-1,466,465,467,-1,466,467,468,-1,468,467,469,-1,468,469,470,-1,470,469,471,-1,470,471,472,-1,472,471,473,-1,472,473,474,-1,474,473,475,-1,474,475,476,-1,476,475,458,-1,476,458,457,-1,459,477,460,-1,460,477,478,-1,477,479,478,-1,478,479,480,-1,481,482,483,-1,481,483,484,-1,484,483,480,-1,484,480,479,-1,481,485,482,-1,482,485,486,-1,485,487,486,-1,486,487,488,-1,489,490,491,-1,489,491,492,-1,492,491,488,-1,492,488,487,-1,493,494,495,-1,493,495,496,-1,496,495,497,-1,496,497,498,-1,498,497,499,-1,498,499,500,-1,500,499,501,-1,500,501,502,-1,502,501,503,-1,502,503,504,-1,504,503,505,-1,504,505,506,-1,506,505,507,-1,506,507,508,-1,508,507,490,-1,508,490,489,-1,509,510,511,-1,509,511,512,-1,512,511,513,-1,512,513,514,-1,514,513,515,-1,514,515,516,-1,516,515,517,-1,516,517,518,-1,518,517,519,-1,518,519,520,-1,520,519,521,-1,520,521,522,-1,522,521,523,-1,522,523,524,-1,524,523,494,-1,524,494,493,-1,509,525,510,-1,510,525,526,-1,526,525,527,-1,528,529,530,-1,528,530,531,-1,531,530,532,-1,531,532,533,-1,533,532,534,-1,533,534,527,-1,527,534,535,-1,527,535,526,-1,536,537,538,-1,536,538,539,-1,539,538,540,-1,539,540,541,-1,540,542,541,-1,541,542,543,-1,541,543,544,-1,544,543,545,-1,544,545,546,-1,546,545,529,-1,546,529,528,-1,536,547,537,-1,537,547,548,-1,549,550,551,-1,549,551,552,-1,552,551,553,-1,552,553,554,-1,554,553,555,-1,554,555,556,-1,556,555,557,-1,556,557,558,-1,558,557,559,-1,558,559,560,-1,560,559,561,-1,560,561,562,-1,562,561,563,-1,562,563,564,-1,564,563,565,-1,564,565,566,-1,566,565,567,-1,566,567,568,-1,568,567,569,-1,568,569,570,-1,570,569,571,-1,570,571,572,-1,572,571,573,-1,572,573,574,-1,574,573,575,-1,574,575,576,-1,576,575,577,-1,576,577,578,-1,578,577,548,-1,578,548,547,-1,549,449,550,-1,550,449,451,-1,579,580,525,-1,525,580,581,-1,479,477,582,-1,476,457,477,-1,527,449,533,-1,533,449,549,-1,574,576,549,-1,549,576,578,-1,549,578,547,-1,527,525,449,-1,449,525,581,-1,449,581,450,-1,450,581,582,-1,450,582,456,-1,456,582,477,-1,456,477,453,-1,453,477,457,-1,583,584,487,-1,487,584,492,-1,492,584,585,-1,492,585,489,-1,487,485,583,-1,583,485,481,-1,583,481,582,-1,582,481,484,-1,582,484,479,-1,546,528,531,-1,586,516,587,-1,587,516,518,-1,587,518,588,-1,588,518,520,-1,588,520,589,-1,589,520,590,-1,568,570,549,-1,549,570,572,-1,549,572,574,-1,477,459,476,-1,476,459,462,-1,476,462,474,-1,474,462,464,-1,489,585,508,-1,508,585,591,-1,508,591,506,-1,579,525,592,-1,592,525,509,-1,592,509,593,-1,593,509,512,-1,593,512,586,-1,586,512,514,-1,586,514,516,-1,547,536,549,-1,549,536,539,-1,549,539,533,-1,533,539,541,-1,533,541,531,-1,531,541,544,-1,531,544,546,-1,552,554,564,-1,564,554,556,-1,564,556,562,-1,562,556,558,-1,562,558,560,-1,464,466,474,-1,474,466,468,-1,474,468,472,-1,472,468,470,-1,506,591,504,-1,504,591,594,-1,504,594,502,-1,502,594,595,-1,502,595,500,-1,500,595,596,-1,500,596,498,-1,552,564,549,-1,549,564,566,-1,549,566,568,-1,596,597,498,-1,498,597,598,-1,498,598,496,-1,496,598,599,-1,496,599,493,-1,493,599,600,-1,493,600,524,-1,524,600,590,-1,524,590,522,-1,522,590,520,-1,582,581,601,-1,601,581,602,-1,583,582,603,-1,603,582,601,-1,583,603,604,-1,583,604,584,-1,584,604,605,-1,584,605,585,-1,585,605,606,-1,585,606,591,-1,591,606,607,-1,591,607,594,-1,594,607,608,-1,594,608,595,-1,595,608,609,-1,595,609,596,-1,596,609,610,-1,596,610,597,-1,597,610,611,-1,597,611,598,-1,598,611,612,-1,598,612,599,-1,599,612,613,-1,599,613,600,-1,600,613,614,-1,600,614,590,-1,590,614,615,-1,590,615,589,-1,589,615,616,-1,589,616,588,-1,588,616,617,-1,588,617,587,-1,587,617,618,-1,587,618,586,-1,586,618,619,-1,586,619,593,-1,593,619,620,-1,593,620,592,-1,579,592,621,-1,621,592,620,-1,579,621,622,-1,579,622,580,-1,580,622,602,-1,580,602,581,-1,623,624,625,-1,625,624,626,-1,624,627,626,-1,626,627,628,-1,627,629,628,-1,628,629,630,-1,631,632,633,-1,631,633,634,-1,634,633,635,-1,634,635,636,-1,636,635,630,-1,636,630,629,-1,631,637,632,-1,632,637,638,-1,637,639,638,-1,638,639,640,-1,641,642,643,-1,641,643,644,-1,644,643,645,-1,644,645,646,-1,646,645,647,-1,646,647,648,-1,648,647,649,-1,648,649,650,-1,650,649,651,-1,650,651,652,-1,652,651,653,-1,652,653,654,-1,654,653,655,-1,654,655,656,-1,656,655,657,-1,656,657,658,-1,658,657,659,-1,658,659,660,-1,660,659,661,-1,660,661,662,-1,662,661,640,-1,662,640,639,-1,641,663,642,-1,642,663,664,-1,663,665,664,-1,664,665,666,-1,665,667,666,-1,666,667,668,-1,669,670,671,-1,669,671,672,-1,672,671,668,-1,672,668,667,-1,669,673,670,-1,670,673,674,-1,673,675,674,-1,674,675,676,-1,677,678,679,-1,677,679,680,-1,680,679,681,-1,680,681,682,-1,682,681,683,-1,682,683,684,-1,684,683,685,-1,684,685,686,-1,686,685,687,-1,686,687,688,-1,688,687,689,-1,688,689,690,-1,690,689,691,-1,690,691,692,-1,692,691,693,-1,692,693,694,-1,694,693,695,-1,694,695,696,-1,696,695,697,-1,696,697,698,-1,698,697,676,-1,698,676,675,-1,677,699,678,-1,678,699,700,-1,701,702,703,-1,701,703,704,-1,704,703,700,-1,704,700,699,-1,701,705,702,-1,702,705,706,-1,707,708,709,-1,707,709,710,-1,710,709,711,-1,710,711,712,-1,712,711,713,-1,712,713,714,-1,714,713,715,-1,714,715,716,-1,716,715,717,-1,716,717,718,-1,718,717,719,-1,718,719,720,-1,720,719,721,-1,720,721,722,-1,722,721,723,-1,722,723,724,-1,724,723,725,-1,724,725,726,-1,726,725,727,-1,726,727,728,-1,728,727,706,-1,728,706,705,-1,729,730,731,-1,729,731,732,-1,732,731,708,-1,732,708,707,-1,729,733,730,-1,730,733,734,-1,735,736,737,-1,735,737,738,-1,738,737,734,-1,738,734,733,-1,735,739,736,-1,736,739,740,-1,741,742,743,-1,741,743,744,-1,744,743,745,-1,744,745,746,-1,746,745,747,-1,746,747,748,-1,748,747,749,-1,748,749,750,-1,750,749,751,-1,750,751,752,-1,752,751,753,-1,752,753,754,-1,754,753,755,-1,754,755,756,-1,756,755,757,-1,756,757,758,-1,758,757,759,-1,758,759,760,-1,760,759,761,-1,760,761,762,-1,762,761,763,-1,762,763,764,-1,764,763,765,-1,764,765,766,-1,766,765,767,-1,766,767,768,-1,768,767,769,-1,768,769,770,-1,770,769,740,-1,770,740,739,-1,741,771,742,-1,742,771,772,-1,773,774,775,-1,773,775,776,-1,776,775,772,-1,776,772,771,-1,773,777,774,-1,774,777,778,-1,779,780,781,-1,779,781,782,-1,782,781,778,-1,782,778,777,-1,779,783,780,-1,780,783,784,-1,785,786,787,-1,785,787,788,-1,788,787,789,-1,788,789,790,-1,790,789,784,-1,790,784,783,-1,785,791,786,-1,786,791,792,-1,791,793,792,-1,792,793,794,-1,795,796,797,-1,795,797,798,-1,798,797,799,-1,798,799,800,-1,800,799,801,-1,800,801,802,-1,802,801,803,-1,802,803,804,-1,804,803,805,-1,804,805,806,-1,806,805,807,-1,806,807,808,-1,808,807,809,-1,808,809,810,-1,810,809,811,-1,810,811,812,-1,812,811,813,-1,812,813,814,-1,814,813,815,-1,814,815,816,-1,816,815,794,-1,816,794,793,-1,795,817,796,-1,796,817,818,-1,623,625,819,-1,623,819,820,-1,820,819,818,-1,820,818,817,-1,669,672,699,-1,699,672,667,-1,722,724,665,-1,665,724,726,-1,665,726,728,-1,710,665,707,-1,707,665,732,-1,766,768,624,-1,688,690,675,-1,728,705,665,-1,665,705,701,-1,665,701,667,-1,667,701,704,-1,667,704,699,-1,735,738,665,-1,738,733,665,-1,665,733,729,-1,665,729,732,-1,710,712,665,-1,665,712,714,-1,665,714,716,-1,627,663,629,-1,629,663,641,-1,629,641,636,-1,636,641,634,-1,814,816,795,-1,795,816,793,-1,768,770,624,-1,624,770,739,-1,624,739,627,-1,627,739,735,-1,627,735,663,-1,663,735,665,-1,634,641,631,-1,631,641,639,-1,631,639,637,-1,669,699,673,-1,673,699,677,-1,673,677,675,-1,675,677,680,-1,675,680,682,-1,690,692,694,-1,716,718,665,-1,665,718,720,-1,665,720,722,-1,750,752,624,-1,624,752,754,-1,760,762,624,-1,624,762,764,-1,624,764,766,-1,793,791,795,-1,795,791,785,-1,795,785,817,-1,817,785,788,-1,817,788,820,-1,820,788,790,-1,820,790,623,-1,623,790,783,-1,623,783,624,-1,624,783,779,-1,624,779,782,-1,782,777,624,-1,624,777,773,-1,624,773,776,-1,694,696,690,-1,690,696,698,-1,690,698,675,-1,644,660,641,-1,641,660,662,-1,641,662,639,-1,754,756,624,-1,624,756,758,-1,624,758,760,-1,802,804,812,-1,776,771,624,-1,624,771,741,-1,624,741,744,-1,682,684,675,-1,675,684,686,-1,675,686,688,-1,644,646,660,-1,660,646,648,-1,660,648,658,-1,658,648,650,-1,650,652,658,-1,658,652,654,-1,658,654,656,-1,802,812,800,-1,744,746,624,-1,624,746,748,-1,624,748,750,-1,814,795,812,-1,812,795,798,-1,812,798,800,-1,804,806,812,-1,812,806,808,-1,812,808,810,-1,821,822,823,-1,823,822,824,-1,822,825,824,-1,824,825,826,-1,825,827,826,-1,826,827,828,-1,827,829,828,-1,828,829,830,-1,829,831,830,-1,830,831,832,-1,833,834,835,-1,833,835,836,-1,836,835,837,-1,836,837,838,-1,838,837,839,-1,838,839,840,-1,840,839,841,-1,840,841,842,-1,842,841,843,-1,842,843,844,-1,844,843,845,-1,844,845,846,-1,846,845,832,-1,846,832,831,-1,847,848,849,-1,847,849,850,-1,850,849,851,-1,850,851,852,-1,852,851,853,-1,852,853,854,-1,854,853,855,-1,854,855,856,-1,856,855,857,-1,856,857,858,-1,858,857,859,-1,858,859,860,-1,860,859,861,-1,860,861,862,-1,862,861,834,-1,862,834,833,-1,863,864,865,-1,863,865,866,-1,866,865,867,-1,866,867,868,-1,868,867,869,-1,868,869,870,-1,870,869,871,-1,870,871,872,-1,872,871,873,-1,872,873,874,-1,874,873,875,-1,874,875,876,-1,876,875,848,-1,876,848,847,-1,877,878,879,-1,877,879,880,-1,880,879,881,-1,880,881,882,-1,882,881,883,-1,882,883,884,-1,884,883,885,-1,884,885,886,-1,886,885,887,-1,886,887,888,-1,888,887,889,-1,888,889,890,-1,890,889,864,-1,890,864,863,-1,877,891,878,-1,878,891,892,-1,891,893,892,-1,892,893,894,-1,895,896,897,-1,895,897,898,-1,897,899,898,-1,898,899,900,-1,898,900,901,-1,901,900,902,-1,901,902,903,-1,903,902,904,-1,903,904,905,-1,905,904,906,-1,905,906,907,-1,907,906,908,-1,907,908,909,-1,909,908,894,-1,909,894,893,-1,896,895,910,-1,910,895,911,-1,910,911,912,-1,912,911,913,-1,912,913,914,-1,914,913,915,-1,914,915,916,-1,916,915,917,-1,916,917,918,-1,918,917,919,-1,918,919,920,-1,920,919,921,-1,920,921,922,-1,922,921,923,-1,922,923,924,-1,924,923,925,-1,924,925,926,-1,927,928,929,-1,927,929,930,-1,930,929,931,-1,930,931,932,-1,932,931,933,-1,932,933,934,-1,934,933,935,-1,934,935,936,-1,936,935,937,-1,936,937,938,-1,938,937,939,-1,938,939,940,-1,940,939,926,-1,940,926,925,-1,821,823,941,-1,821,941,942,-1,942,941,943,-1,942,943,944,-1,944,943,945,-1,944,945,946,-1,946,945,928,-1,946,928,927,-1,829,827,822,-1,822,827,825,-1,893,891,877,-1,831,829,846,-1,846,829,822,-1,846,822,844,-1,844,822,842,-1,821,838,822,-1,822,838,840,-1,822,840,842,-1,821,942,838,-1,838,942,944,-1,838,944,836,-1,836,944,946,-1,836,946,833,-1,833,946,927,-1,833,927,862,-1,893,877,909,-1,909,877,880,-1,909,880,907,-1,907,880,882,-1,907,882,905,-1,905,882,884,-1,905,884,903,-1,903,884,886,-1,903,886,901,-1,901,886,888,-1,901,888,898,-1,898,888,890,-1,898,890,895,-1,895,890,863,-1,895,863,911,-1,911,863,866,-1,911,866,913,-1,913,866,868,-1,913,868,915,-1,915,868,870,-1,915,870,917,-1,917,870,872,-1,917,872,919,-1,919,872,874,-1,919,874,921,-1,921,874,876,-1,921,876,923,-1,923,876,847,-1,923,847,925,-1,925,847,850,-1,925,850,940,-1,850,852,940,-1,940,852,854,-1,940,854,938,-1,938,854,856,-1,938,856,936,-1,936,856,858,-1,936,858,934,-1,934,858,860,-1,934,860,932,-1,932,860,862,-1,932,862,930,-1,930,862,927,-1,947,948,949,-1,949,948,950,-1,948,951,950,-1,950,951,952,-1,952,951,953,-1,953,951,954,-1,953,954,955,-1,956,957,958,-1,956,958,959,-1,959,958,960,-1,959,960,961,-1,961,960,955,-1,961,955,954,-1,956,962,957,-1,957,962,963,-1,964,965,966,-1,964,966,967,-1,967,966,968,-1,967,968,969,-1,969,968,970,-1,969,970,971,-1,971,970,972,-1,971,972,973,-1,973,972,974,-1,973,974,975,-1,975,974,963,-1,975,963,962,-1,976,977,978,-1,976,978,979,-1,979,978,980,-1,979,980,981,-1,981,980,982,-1,981,982,983,-1,983,982,984,-1,983,984,985,-1,985,984,986,-1,985,986,987,-1,987,986,965,-1,987,965,964,-1,988,989,990,-1,988,990,991,-1,991,990,992,-1,991,992,993,-1,993,992,994,-1,993,994,995,-1,995,994,996,-1,995,996,997,-1,997,996,998,-1,997,998,999,-1,999,998,1000,-1,999,1000,1001,-1,1001,1000,1002,-1,1001,1002,1003,-1,1003,1002,1004,-1,1003,1004,1005,-1,1005,1004,977,-1,1005,977,976,-1,988,1006,989,-1,989,1006,1007,-1,1006,1008,1007,-1,1007,1008,1009,-1,1010,1011,1012,-1,1010,1012,1013,-1,1013,1012,1014,-1,1013,1014,1015,-1,1015,1014,1016,-1,1015,1016,1017,-1,1017,1016,1018,-1,1017,1018,1019,-1,1019,1018,1020,-1,1019,1020,1021,-1,1021,1020,1022,-1,1021,1022,1023,-1,1023,1022,1024,-1,1023,1024,1025,-1,1025,1024,1026,-1,1025,1026,1027,-1,1027,1026,1028,-1,1027,1028,1029,-1,1029,1028,1030,-1,1029,1030,1031,-1,1031,1030,1009,-1,1031,1009,1008,-1,1010,1032,1011,-1,1011,1032,1033,-1,1032,1034,1033,-1,1033,1034,1035,-1,947,949,1036,-1,947,1036,1037,-1,1037,1036,1035,-1,1037,1035,1034,-1,985,987,995,-1,993,995,969,-1,962,1021,1023,-1,987,964,995,-1,995,964,967,-1,995,967,969,-1,969,971,993,-1,993,971,973,-1,993,973,991,-1,991,973,975,-1,1034,1032,962,-1,1032,1010,962,-1,962,1010,1013,-1,962,1013,1015,-1,962,1029,1031,-1,951,948,954,-1,954,948,947,-1,954,947,961,-1,961,947,1037,-1,961,1037,959,-1,959,1037,1034,-1,959,1034,956,-1,956,1034,962,-1,1015,1017,962,-1,962,1017,1019,-1,962,1019,1021,-1,979,981,995,-1,995,981,983,-1,995,983,985,-1,1023,1025,962,-1,962,1025,1027,-1,962,1027,1029,-1,1031,1008,962,-1,962,1008,1006,-1,962,1006,975,-1,975,1006,988,-1,975,988,991,-1,995,997,979,-1,979,997,999,-1,979,999,1001,-1,1001,1003,979,-1,979,1003,1005,-1,979,1005,976,-1,442,443,448,-1,448,447,446,-1,446,445,448,-1,448,445,444,-1,448,444,442,-1,604,603,612,-1,601,602,603,-1,603,602,622,-1,603,622,621,-1,604,612,605,-1,621,620,603,-1,603,620,619,-1,603,619,618,-1,605,612,606,-1,606,612,611,-1,606,611,610,-1,618,617,603,-1,603,617,616,-1,603,616,615,-1,610,609,606,-1,606,609,608,-1,606,608,607,-1,615,614,603,-1,603,614,613,-1,603,613,612,-1,
        ]
    }
}